Customer:	China Steel MULPIC 
 
Project: MULPIC for PLATE MILL 
 
Date:		From: 2015/08/27 10:40:16 To: 2015/08/27 10:40:16 
 

                       ********************** Plate Data ********************


   MEID,WIDTH,LENGTH,TGTFCT 
 --------------------
99019,   3.6,  26.7, 441.0  

                       ********************** Temp Uniformity Report ********************


   MEID,MEASLOCATION,LENGTH,W1, W2, W3, W4, W5, W6, W7, W8, W9, W10, W11, W12, W13, W14, W15, W16, W17, W18, W19, W20, W21, W22, W23, W24, W25, W26, W27, W28, W29, W30, W31, W32, W33, W34, W35, W36, W37, W38, W39, W40, W41, W42, W43, W44, W45, W46, W47, W48, W49, W50, W51, W52, W53, W54, W55, W56, W57, W58, W59, W60, W61, W62, W63, W64, W65, W66, W67, W68, W69, W70, W71, W72, W73, W74, W75, W76, W77, W78, W79, W80, W81, W82, W83, W84, W85, W86, W87, W88, W89, W90, W91, W92, W93, W94, W95, W96, W97, W98, W99, W100  
99019, MulpicEntryTopScan,  75.0, 252.0, 254.0, 265.0, 282.0, 230.0, 395.0, 366.0, 338.0, 352.0, 322.0, 311.0, 322.0, 307.0, 334.0, 333.0, 473.0, 407.0, 432.0, 490.0, 407.0, 423.0, 400.0, 450.0, 482.0, 411.0, 418.0, 477.0, 410.0, 459.0, 430.0, 450.0, 484.0, 484.0, 432.0, 427.0, 418.0, 479.0, 498.0, 458.0, 464.0, 418.0, 412.0, 444.0, 494.0, 471.0, 482.0, 499.0, 435.0, 401.0, 448.0, 433.0, 495.0, 468.0, 424.0, 481.0, 430.0, 438.0, 423.0, 470.0, 471.0, 435.0, 480.0, 441.0, 457.0, 482.0, 447.0, 417.0, 406.0, 475.0, 477.0, 489.0, 423.0, 418.0, 428.0, 425.0, 447.0, 471.0, 427.0, 465.0, 443.0, 430.0, 491.0, 461.0, 447.0, 451.0, 386.0, 314.0, 303.0, 326.0, 305.0, 325.0, 388.0, 394.0, 311.0, 312.0, 252.0, 223.0, 292.0, 232.0, 295.0 
99019, MulpicEntryTopScan, 349.2, 221.0, 277.0, 211.0, 216.0, 291.0, 378.0, 365.0, 366.0, 312.0, 319.0, 366.0, 367.0, 378.0, 309.0, 387.0, 472.0, 457.0, 401.0, 434.0, 486.0, 460.0, 408.0, 490.0, 408.0, 423.0, 470.0, 405.0, 478.0, 474.0, 409.0, 402.0, 485.0, 485.0, 463.0, 443.0, 403.0, 421.0, 500.0, 478.0, 494.0, 470.0, 440.0, 413.0, 464.0, 500.0, 457.0, 403.0, 458.0, 489.0, 437.0, 443.0, 433.0, 435.0, 481.0, 448.0, 405.0, 422.0, 484.0, 466.0, 483.0, 405.0, 459.0, 434.0, 440.0, 413.0, 491.0, 423.0, 454.0, 482.0, 440.0, 420.0, 461.0, 478.0, 490.0, 433.0, 469.0, 420.0, 415.0, 401.0, 498.0, 416.0, 451.0, 497.0, 453.0, 498.0, 376.0, 310.0, 370.0, 331.0, 347.0, 337.0, 361.0, 335.0, 303.0, 332.0, 229.0, 219.0, 217.0, 265.0, 215.0 
99019, MulpicEntryTopScan, 623.5, 232.0, 221.0, 270.0, 201.0, 285.0, 307.0, 312.0, 303.0, 303.0, 338.0, 384.0, 373.0, 397.0, 363.0, 323.0, 475.0, 433.0, 409.0, 420.0, 484.0, 474.0, 469.0, 409.0, 466.0, 453.0, 500.0, 478.0, 433.0, 497.0, 484.0, 415.0, 478.0, 458.0, 413.0, 406.0, 420.0, 418.0, 441.0, 436.0, 461.0, 486.0, 489.0, 444.0, 481.0, 413.0, 434.0, 402.0, 452.0, 422.0, 410.0, 483.0, 405.0, 460.0, 441.0, 437.0, 403.0, 428.0, 492.0, 407.0, 477.0, 443.0, 486.0, 477.0, 412.0, 459.0, 471.0, 448.0, 423.0, 454.0, 400.0, 482.0, 483.0, 491.0, 423.0, 473.0, 465.0, 400.0, 455.0, 486.0, 465.0, 472.0, 452.0, 481.0, 441.0, 499.0, 351.0, 338.0, 326.0, 319.0, 313.0, 334.0, 338.0, 380.0, 343.0, 307.0, 206.0, 262.0, 221.0, 276.0, 291.0 
99019, MulpicEntryTopScan, 897.7, 291.0, 240.0, 228.0, 293.0, 242.0, 369.0, 354.0, 392.0, 363.0, 362.0, 391.0, 378.0, 397.0, 382.0, 362.0, 487.0, 464.0, 475.0, 413.0, 431.0, 455.0, 405.0, 498.0, 461.0, 412.0, 406.0, 489.0, 441.0, 409.0, 497.0, 402.0, 464.0, 445.0, 434.0, 424.0, 444.0, 470.0, 411.0, 477.0, 426.0, 415.0, 416.0, 434.0, 434.0, 477.0, 492.0, 433.0, 456.0, 481.0, 425.0, 481.0, 484.0, 453.0, 494.0, 480.0, 476.0, 478.0, 497.0, 497.0, 423.0, 472.0, 468.0, 489.0, 500.0, 488.0, 444.0, 492.0, 400.0, 466.0, 445.0, 418.0, 480.0, 446.0, 469.0, 432.0, 425.0, 458.0, 420.0, 430.0, 438.0, 491.0, 413.0, 488.0, 496.0, 456.0, 333.0, 365.0, 333.0, 302.0, 353.0, 358.0, 396.0, 300.0, 356.0, 361.0, 279.0, 243.0, 254.0, 205.0, 243.0 
99019, MulpicEntryTopScan, 1172.0, 241.0, 251.0, 278.0, 279.0, 262.0, 348.0, 326.0, 396.0, 337.0, 353.0, 332.0, 315.0, 338.0, 311.0, 322.0, 473.0, 463.0, 481.0, 495.0, 407.0, 437.0, 456.0, 490.0, 445.0, 481.0, 433.0, 414.0, 482.0, 492.0, 405.0, 498.0, 408.0, 444.0, 445.0, 497.0, 490.0, 423.0, 453.0, 462.0, 434.0, 467.0, 440.0, 439.0, 428.0, 421.0, 402.0, 466.0, 407.0, 413.0, 419.0, 463.0, 406.0, 425.0, 470.0, 454.0, 485.0, 488.0, 423.0, 455.0, 483.0, 482.0, 498.0, 435.0, 463.0, 488.0, 426.0, 437.0, 437.0, 414.0, 486.0, 415.0, 437.0, 465.0, 439.0, 435.0, 489.0, 420.0, 478.0, 443.0, 489.0, 450.0, 454.0, 435.0, 426.0, 474.0, 374.0, 374.0, 371.0, 362.0, 375.0, 375.0, 387.0, 333.0, 355.0, 379.0, 210.0, 272.0, 205.0, 276.0, 267.0 
99019, MulpicEntryTopScan, 1446.2, 211.0, 227.0, 204.0, 262.0, 293.0, 358.0, 329.0, 300.0, 388.0, 317.0, 308.0, 345.0, 304.0, 397.0, 371.0, 404.0, 432.0, 462.0, 424.0, 468.0, 482.0, 483.0, 453.0, 481.0, 403.0, 473.0, 415.0, 480.0, 493.0, 454.0, 478.0, 474.0, 421.0, 426.0, 427.0, 432.0, 413.0, 453.0, 488.0, 442.0, 405.0, 459.0, 485.0, 497.0, 402.0, 428.0, 401.0, 429.0, 499.0, 449.0, 493.0, 461.0, 418.0, 470.0, 470.0, 489.0, 474.0, 456.0, 477.0, 401.0, 455.0, 495.0, 475.0, 416.0, 417.0, 418.0, 437.0, 495.0, 413.0, 486.0, 487.0, 408.0, 421.0, 496.0, 481.0, 442.0, 401.0, 481.0, 437.0, 421.0, 480.0, 414.0, 470.0, 498.0, 482.0, 312.0, 390.0, 358.0, 358.0, 311.0, 304.0, 375.0, 307.0, 346.0, 387.0, 281.0, 269.0, 293.0, 266.0, 244.0 
99019, MulpicEntryTopScan, 1720.5, 288.0, 263.0, 227.0, 285.0, 260.0, 356.0, 394.0, 340.0, 395.0, 334.0, 358.0, 373.0, 361.0, 319.0, 386.0, 485.0, 478.0, 431.0, 485.0, 482.0, 456.0, 445.0, 407.0, 414.0, 400.0, 453.0, 499.0, 430.0, 411.0, 435.0, 427.0, 483.0, 451.0, 487.0, 466.0, 448.0, 448.0, 463.0, 412.0, 482.0, 413.0, 490.0, 413.0, 431.0, 444.0, 481.0, 403.0, 426.0, 498.0, 436.0, 424.0, 489.0, 458.0, 485.0, 487.0, 470.0, 453.0, 407.0, 471.0, 436.0, 489.0, 408.0, 485.0, 486.0, 482.0, 413.0, 472.0, 431.0, 478.0, 482.0, 472.0, 499.0, 469.0, 417.0, 497.0, 471.0, 463.0, 415.0, 447.0, 477.0, 473.0, 453.0, 484.0, 471.0, 466.0, 365.0, 368.0, 347.0, 320.0, 399.0, 387.0, 341.0, 344.0, 339.0, 360.0, 207.0, 227.0, 264.0, 227.0, 217.0 
99019, MulpicEntryTopScan, 1994.7, 204.0, 229.0, 295.0, 225.0, 263.0, 384.0, 349.0, 312.0, 348.0, 323.0, 386.0, 370.0, 309.0, 354.0, 388.0, 490.0, 463.0, 410.0, 479.0, 405.0, 457.0, 433.0, 435.0, 483.0, 472.0, 400.0, 430.0, 459.0, 489.0, 457.0, 407.0, 443.0, 486.0, 447.0, 486.0, 432.0, 434.0, 489.0, 498.0, 477.0, 417.0, 489.0, 437.0, 461.0, 481.0, 435.0, 421.0, 471.0, 448.0, 402.0, 473.0, 400.0, 476.0, 471.0, 478.0, 433.0, 442.0, 445.0, 441.0, 444.0, 402.0, 453.0, 485.0, 416.0, 485.0, 426.0, 476.0, 428.0, 470.0, 405.0, 472.0, 469.0, 453.0, 441.0, 424.0, 401.0, 463.0, 483.0, 450.0, 438.0, 496.0, 496.0, 483.0, 445.0, 448.0, 368.0, 340.0, 354.0, 332.0, 360.0, 377.0, 371.0, 350.0, 313.0, 309.0, 248.0, 263.0, 269.0, 268.0, 245.0 
99019, MulpicEntryTopScan, 2268.9, 234.0, 299.0, 279.0, 205.0, 273.0, 330.0, 360.0, 332.0, 389.0, 394.0, 336.0, 312.0, 359.0, 366.0, 355.0, 401.0, 482.0, 410.0, 456.0, 409.0, 458.0, 457.0, 406.0, 477.0, 426.0, 437.0, 409.0, 422.0, 459.0, 452.0, 402.0, 457.0, 422.0, 438.0, 471.0, 480.0, 441.0, 484.0, 416.0, 432.0, 478.0, 460.0, 471.0, 485.0, 464.0, 437.0, 444.0, 445.0, 488.0, 401.0, 429.0, 403.0, 483.0, 467.0, 413.0, 427.0, 421.0, 468.0, 447.0, 445.0, 456.0, 459.0, 462.0, 424.0, 474.0, 440.0, 422.0, 489.0, 445.0, 424.0, 464.0, 414.0, 431.0, 475.0, 415.0, 454.0, 497.0, 418.0, 409.0, 490.0, 417.0, 435.0, 432.0, 416.0, 440.0, 326.0, 326.0, 344.0, 315.0, 321.0, 332.0, 356.0, 328.0, 339.0, 384.0, 221.0, 290.0, 249.0, 213.0, 295.0 
99019, MulpicEntryTopScan, 2543.2, 208.0, 263.0, 242.0, 254.0, 214.0, 388.0, 397.0, 344.0, 391.0, 383.0, 332.0, 392.0, 379.0, 399.0, 346.0, 457.0, 490.0, 444.0, 468.0, 482.0, 470.0, 412.0, 422.0, 460.0, 486.0, 494.0, 455.0, 430.0, 448.0, 468.0, 435.0, 432.0, 422.0, 426.0, 413.0, 475.0, 406.0, 429.0, 440.0, 489.0, 462.0, 440.0, 464.0, 426.0, 451.0, 466.0, 405.0, 409.0, 432.0, 429.0, 443.0, 490.0, 403.0, 500.0, 483.0, 496.0, 443.0, 486.0, 403.0, 428.0, 445.0, 446.0, 429.0, 453.0, 495.0, 465.0, 496.0, 409.0, 482.0, 405.0, 489.0, 461.0, 458.0, 418.0, 440.0, 477.0, 404.0, 402.0, 405.0, 443.0, 410.0, 486.0, 414.0, 410.0, 460.0, 378.0, 371.0, 327.0, 349.0, 322.0, 362.0, 356.0, 361.0, 380.0, 358.0, 227.0, 215.0, 243.0, 207.0, 292.0 
99019, MulpicEntryTopScan, 2817.4, 289.0, 290.0, 258.0, 218.0, 220.0, 340.0, 350.0, 372.0, 354.0, 309.0, 392.0, 364.0, 382.0, 334.0, 334.0, 491.0, 416.0, 427.0, 470.0, 478.0, 426.0, 457.0, 446.0, 414.0, 458.0, 419.0, 461.0, 468.0, 457.0, 411.0, 454.0, 405.0, 497.0, 472.0, 446.0, 432.0, 481.0, 455.0, 476.0, 462.0, 466.0, 490.0, 467.0, 473.0, 445.0, 447.0, 432.0, 487.0, 401.0, 498.0, 491.0, 469.0, 423.0, 460.0, 489.0, 422.0, 417.0, 470.0, 452.0, 455.0, 478.0, 465.0, 477.0, 460.0, 461.0, 474.0, 479.0, 414.0, 436.0, 434.0, 416.0, 445.0, 427.0, 467.0, 470.0, 438.0, 417.0, 469.0, 492.0, 429.0, 426.0, 429.0, 401.0, 422.0, 472.0, 393.0, 326.0, 305.0, 377.0, 336.0, 377.0, 391.0, 393.0, 343.0, 389.0, 237.0, 251.0, 252.0, 241.0, 298.0 
99019, MulpicEntryTopScan, 3091.7, 254.0, 243.0, 240.0, 292.0, 258.0, 371.0, 339.0, 387.0, 399.0, 303.0, 356.0, 362.0, 378.0, 331.0, 393.0, 421.0, 437.0, 498.0, 480.0, 455.0, 418.0, 434.0, 452.0, 461.0, 426.0, 495.0, 442.0, 482.0, 443.0, 492.0, 457.0, 421.0, 480.0, 456.0, 416.0, 446.0, 447.0, 406.0, 409.0, 401.0, 465.0, 492.0, 458.0, 406.0, 491.0, 418.0, 459.0, 413.0, 410.0, 449.0, 497.0, 451.0, 437.0, 444.0, 401.0, 439.0, 463.0, 479.0, 420.0, 436.0, 453.0, 431.0, 418.0, 426.0, 452.0, 412.0, 412.0, 423.0, 498.0, 447.0, 449.0, 434.0, 437.0, 425.0, 451.0, 498.0, 497.0, 418.0, 402.0, 467.0, 434.0, 412.0, 464.0, 429.0, 466.0, 370.0, 373.0, 331.0, 389.0, 329.0, 384.0, 357.0, 309.0, 382.0, 394.0, 203.0, 248.0, 264.0, 223.0, 216.0 
99019, MulpicEntryTopScan, 3365.9, 228.0, 206.0, 229.0, 244.0, 245.0, 396.0, 321.0, 345.0, 314.0, 333.0, 317.0, 301.0, 351.0, 384.0, 377.0, 479.0, 476.0, 452.0, 485.0, 426.0, 402.0, 461.0, 427.0, 435.0, 430.0, 431.0, 458.0, 403.0, 437.0, 437.0, 443.0, 443.0, 409.0, 473.0, 413.0, 444.0, 439.0, 455.0, 478.0, 442.0, 496.0, 457.0, 475.0, 419.0, 421.0, 417.0, 412.0, 463.0, 438.0, 445.0, 438.0, 427.0, 489.0, 485.0, 408.0, 500.0, 421.0, 405.0, 467.0, 437.0, 444.0, 432.0, 489.0, 453.0, 439.0, 470.0, 406.0, 491.0, 476.0, 413.0, 407.0, 429.0, 443.0, 457.0, 469.0, 409.0, 431.0, 488.0, 471.0, 402.0, 421.0, 452.0, 494.0, 490.0, 405.0, 309.0, 391.0, 367.0, 395.0, 332.0, 374.0, 303.0, 362.0, 399.0, 347.0, 254.0, 231.0, 211.0, 233.0, 208.0 
99019, MulpicEntryTopScan, 3640.2, 231.0, 219.0, 216.0, 264.0, 285.0, 311.0, 367.0, 399.0, 302.0, 384.0, 326.0, 321.0, 376.0, 350.0, 359.0, 450.0, 467.0, 455.0, 463.0, 463.0, 488.0, 498.0, 440.0, 475.0, 416.0, 427.0, 403.0, 450.0, 446.0, 458.0, 461.0, 425.0, 497.0, 455.0, 489.0, 500.0, 465.0, 423.0, 485.0, 405.0, 477.0, 468.0, 459.0, 419.0, 459.0, 405.0, 479.0, 432.0, 483.0, 457.0, 444.0, 432.0, 415.0, 432.0, 430.0, 440.0, 482.0, 432.0, 437.0, 489.0, 437.0, 415.0, 425.0, 498.0, 488.0, 456.0, 413.0, 469.0, 420.0, 497.0, 484.0, 457.0, 479.0, 440.0, 420.0, 468.0, 487.0, 406.0, 478.0, 479.0, 494.0, 417.0, 413.0, 448.0, 444.0, 350.0, 385.0, 378.0, 320.0, 371.0, 306.0, 389.0, 376.0, 304.0, 378.0, 225.0, 244.0, 283.0, 243.0, 209.0 
99019, MulpicEntryTopScan, 3914.4, 264.0, 227.0, 260.0, 227.0, 219.0, 363.0, 309.0, 327.0, 376.0, 366.0, 303.0, 312.0, 349.0, 393.0, 383.0, 481.0, 481.0, 416.0, 454.0, 482.0, 418.0, 423.0, 416.0, 423.0, 411.0, 440.0, 481.0, 497.0, 447.0, 442.0, 422.0, 411.0, 488.0, 452.0, 492.0, 465.0, 453.0, 442.0, 430.0, 439.0, 431.0, 410.0, 437.0, 485.0, 490.0, 477.0, 443.0, 410.0, 418.0, 429.0, 485.0, 433.0, 480.0, 401.0, 425.0, 482.0, 457.0, 421.0, 406.0, 440.0, 496.0, 496.0, 479.0, 432.0, 438.0, 423.0, 495.0, 477.0, 489.0, 483.0, 440.0, 436.0, 448.0, 447.0, 447.0, 440.0, 483.0, 493.0, 499.0, 415.0, 491.0, 443.0, 492.0, 476.0, 467.0, 383.0, 365.0, 360.0, 388.0, 343.0, 310.0, 370.0, 331.0, 338.0, 333.0, 270.0, 295.0, 208.0, 286.0, 262.0 
99019, MulpicEntryTopScan, 4188.6, 232.0, 252.0, 276.0, 289.0, 283.0, 350.0, 375.0, 392.0, 304.0, 351.0, 302.0, 389.0, 344.0, 383.0, 337.0, 467.0, 410.0, 443.0, 435.0, 433.0, 460.0, 481.0, 411.0, 469.0, 416.0, 475.0, 417.0, 430.0, 464.0, 478.0, 402.0, 439.0, 406.0, 413.0, 434.0, 467.0, 415.0, 433.0, 410.0, 412.0, 497.0, 459.0, 423.0, 500.0, 477.0, 420.0, 454.0, 454.0, 472.0, 410.0, 448.0, 401.0, 417.0, 420.0, 470.0, 409.0, 444.0, 449.0, 455.0, 480.0, 492.0, 417.0, 492.0, 498.0, 481.0, 481.0, 447.0, 414.0, 420.0, 454.0, 454.0, 405.0, 482.0, 400.0, 486.0, 488.0, 498.0, 447.0, 485.0, 446.0, 492.0, 466.0, 418.0, 469.0, 466.0, 353.0, 352.0, 376.0, 347.0, 308.0, 400.0, 366.0, 377.0, 358.0, 309.0, 244.0, 215.0, 217.0, 208.0, 226.0 
99019, MulpicEntryTopScan, 4462.9, 274.0, 294.0, 237.0, 201.0, 213.0, 336.0, 371.0, 317.0, 355.0, 364.0, 349.0, 359.0, 339.0, 325.0, 359.0, 417.0, 464.0, 446.0, 495.0, 482.0, 477.0, 457.0, 440.0, 439.0, 402.0, 418.0, 485.0, 493.0, 425.0, 437.0, 496.0, 463.0, 457.0, 453.0, 405.0, 432.0, 467.0, 413.0, 404.0, 425.0, 421.0, 413.0, 441.0, 411.0, 403.0, 442.0, 412.0, 434.0, 409.0, 459.0, 437.0, 423.0, 449.0, 452.0, 423.0, 445.0, 459.0, 479.0, 435.0, 455.0, 456.0, 490.0, 419.0, 498.0, 486.0, 492.0, 472.0, 440.0, 482.0, 420.0, 489.0, 450.0, 481.0, 416.0, 453.0, 405.0, 479.0, 404.0, 484.0, 439.0, 443.0, 423.0, 403.0, 444.0, 416.0, 370.0, 346.0, 382.0, 389.0, 340.0, 337.0, 350.0, 300.0, 340.0, 319.0, 298.0, 226.0, 291.0, 282.0, 241.0 
99019, MulpicEntryTopScan, 4737.1, 253.0, 253.0, 297.0, 222.0, 213.0, 301.0, 328.0, 362.0, 398.0, 385.0, 358.0, 303.0, 365.0, 336.0, 371.0, 425.0, 465.0, 494.0, 481.0, 495.0, 482.0, 482.0, 407.0, 438.0, 499.0, 408.0, 474.0, 426.0, 423.0, 485.0, 427.0, 470.0, 497.0, 446.0, 474.0, 479.0, 473.0, 440.0, 449.0, 423.0, 416.0, 405.0, 402.0, 445.0, 494.0, 423.0, 432.0, 417.0, 417.0, 425.0, 460.0, 436.0, 470.0, 424.0, 441.0, 460.0, 446.0, 424.0, 443.0, 434.0, 458.0, 464.0, 433.0, 401.0, 440.0, 401.0, 416.0, 413.0, 409.0, 445.0, 404.0, 423.0, 416.0, 481.0, 435.0, 475.0, 401.0, 430.0, 467.0, 461.0, 474.0, 468.0, 491.0, 410.0, 478.0, 316.0, 390.0, 374.0, 311.0, 327.0, 304.0, 362.0, 325.0, 344.0, 316.0, 231.0, 236.0, 243.0, 200.0, 293.0 
99019, MulpicEntryTopScan, 5011.4, 213.0, 244.0, 239.0, 205.0, 266.0, 365.0, 330.0, 342.0, 382.0, 335.0, 377.0, 352.0, 345.0, 300.0, 301.0, 479.0, 476.0, 460.0, 446.0, 424.0, 406.0, 452.0, 484.0, 466.0, 451.0, 409.0, 434.0, 440.0, 468.0, 455.0, 433.0, 411.0, 466.0, 496.0, 460.0, 427.0, 469.0, 442.0, 439.0, 449.0, 454.0, 448.0, 404.0, 494.0, 453.0, 437.0, 492.0, 468.0, 471.0, 472.0, 490.0, 491.0, 405.0, 426.0, 435.0, 435.0, 461.0, 477.0, 468.0, 449.0, 455.0, 429.0, 438.0, 458.0, 443.0, 445.0, 412.0, 417.0, 481.0, 443.0, 409.0, 427.0, 466.0, 427.0, 415.0, 423.0, 450.0, 413.0, 499.0, 465.0, 426.0, 499.0, 400.0, 439.0, 424.0, 349.0, 328.0, 369.0, 325.0, 373.0, 329.0, 323.0, 338.0, 370.0, 330.0, 230.0, 246.0, 292.0, 213.0, 236.0 
99019, MulpicEntryTopScan, 5285.6, 257.0, 294.0, 258.0, 288.0, 291.0, 320.0, 302.0, 359.0, 308.0, 329.0, 302.0, 308.0, 387.0, 326.0, 395.0, 424.0, 405.0, 431.0, 425.0, 456.0, 500.0, 431.0, 403.0, 404.0, 496.0, 485.0, 425.0, 470.0, 432.0, 447.0, 465.0, 420.0, 486.0, 438.0, 492.0, 486.0, 432.0, 420.0, 436.0, 488.0, 424.0, 438.0, 411.0, 409.0, 455.0, 496.0, 430.0, 420.0, 411.0, 485.0, 407.0, 478.0, 424.0, 435.0, 424.0, 442.0, 460.0, 420.0, 402.0, 413.0, 420.0, 488.0, 472.0, 457.0, 495.0, 414.0, 496.0, 479.0, 446.0, 493.0, 407.0, 479.0, 487.0, 420.0, 406.0, 422.0, 460.0, 481.0, 473.0, 432.0, 425.0, 492.0, 474.0, 483.0, 425.0, 325.0, 305.0, 351.0, 348.0, 372.0, 366.0, 344.0, 371.0, 365.0, 347.0, 254.0, 238.0, 218.0, 212.0, 246.0 
99019, MulpicEntryTopScan, 5559.8, 275.0, 266.0, 220.0, 244.0, 200.0, 311.0, 360.0, 373.0, 400.0, 359.0, 305.0, 375.0, 376.0, 324.0, 361.0, 497.0, 489.0, 401.0, 412.0, 460.0, 500.0, 429.0, 409.0, 439.0, 497.0, 486.0, 489.0, 470.0, 428.0, 443.0, 476.0, 417.0, 423.0, 490.0, 470.0, 488.0, 498.0, 438.0, 421.0, 460.0, 419.0, 449.0, 420.0, 425.0, 426.0, 468.0, 463.0, 494.0, 474.0, 493.0, 493.0, 477.0, 438.0, 426.0, 400.0, 401.0, 417.0, 455.0, 485.0, 442.0, 496.0, 401.0, 481.0, 459.0, 453.0, 451.0, 447.0, 499.0, 443.0, 470.0, 471.0, 494.0, 485.0, 482.0, 491.0, 473.0, 424.0, 492.0, 490.0, 497.0, 445.0, 459.0, 414.0, 477.0, 494.0, 377.0, 336.0, 331.0, 324.0, 306.0, 373.0, 379.0, 385.0, 345.0, 384.0, 201.0, 280.0, 237.0, 240.0, 231.0 
99019, MulpicEntryTopScan, 5834.1, 243.0, 214.0, 276.0, 295.0, 246.0, 322.0, 336.0, 300.0, 382.0, 334.0, 309.0, 369.0, 365.0, 310.0, 384.0, 436.0, 484.0, 494.0, 438.0, 478.0, 451.0, 421.0, 450.0, 433.0, 457.0, 417.0, 477.0, 426.0, 448.0, 410.0, 479.0, 445.0, 482.0, 436.0, 486.0, 489.0, 484.0, 497.0, 462.0, 456.0, 427.0, 461.0, 417.0, 406.0, 400.0, 460.0, 456.0, 450.0, 475.0, 429.0, 466.0, 418.0, 470.0, 483.0, 432.0, 427.0, 485.0, 448.0, 497.0, 477.0, 453.0, 485.0, 462.0, 471.0, 465.0, 446.0, 444.0, 479.0, 423.0, 429.0, 492.0, 453.0, 422.0, 416.0, 432.0, 433.0, 478.0, 444.0, 489.0, 415.0, 474.0, 408.0, 442.0, 495.0, 437.0, 322.0, 300.0, 390.0, 361.0, 300.0, 327.0, 318.0, 352.0, 338.0, 338.0, 220.0, 268.0, 205.0, 279.0, 262.0 
99019, MulpicEntryTopScan, 6108.3, 240.0, 267.0, 204.0, 285.0, 230.0, 363.0, 346.0, 322.0, 321.0, 319.0, 350.0, 375.0, 341.0, 370.0, 351.0, 483.0, 498.0, 431.0, 413.0, 457.0, 470.0, 451.0, 466.0, 463.0, 425.0, 449.0, 443.0, 468.0, 412.0, 469.0, 458.0, 421.0, 458.0, 429.0, 412.0, 413.0, 487.0, 450.0, 493.0, 405.0, 476.0, 437.0, 414.0, 425.0, 473.0, 456.0, 457.0, 472.0, 432.0, 441.0, 466.0, 477.0, 450.0, 482.0, 420.0, 410.0, 418.0, 424.0, 456.0, 478.0, 500.0, 412.0, 424.0, 442.0, 488.0, 411.0, 482.0, 450.0, 460.0, 492.0, 449.0, 469.0, 498.0, 468.0, 453.0, 488.0, 497.0, 493.0, 432.0, 466.0, 447.0, 425.0, 487.0, 435.0, 449.0, 372.0, 301.0, 308.0, 386.0, 340.0, 383.0, 397.0, 337.0, 306.0, 342.0, 261.0, 286.0, 222.0, 281.0, 233.0 
99019, MulpicEntryTopScan, 6382.6, 240.0, 236.0, 273.0, 258.0, 211.0, 362.0, 309.0, 335.0, 351.0, 335.0, 323.0, 302.0, 300.0, 312.0, 365.0, 439.0, 497.0, 442.0, 405.0, 411.0, 409.0, 482.0, 449.0, 435.0, 409.0, 462.0, 429.0, 409.0, 496.0, 412.0, 496.0, 497.0, 418.0, 457.0, 412.0, 465.0, 498.0, 401.0, 411.0, 471.0, 460.0, 476.0, 487.0, 416.0, 456.0, 481.0, 481.0, 485.0, 416.0, 484.0, 443.0, 431.0, 449.0, 423.0, 492.0, 476.0, 448.0, 422.0, 451.0, 401.0, 492.0, 427.0, 404.0, 482.0, 495.0, 499.0, 492.0, 429.0, 463.0, 476.0, 423.0, 469.0, 402.0, 473.0, 420.0, 476.0, 493.0, 460.0, 487.0, 422.0, 430.0, 464.0, 464.0, 449.0, 456.0, 351.0, 368.0, 359.0, 388.0, 336.0, 347.0, 308.0, 396.0, 303.0, 312.0, 225.0, 248.0, 232.0, 214.0, 282.0 
99019, MulpicEntryTopScan, 6656.8, 240.0, 255.0, 262.0, 248.0, 205.0, 342.0, 301.0, 317.0, 310.0, 380.0, 384.0, 353.0, 360.0, 373.0, 377.0, 451.0, 473.0, 427.0, 490.0, 466.0, 442.0, 435.0, 425.0, 431.0, 500.0, 410.0, 495.0, 461.0, 449.0, 479.0, 439.0, 465.0, 465.0, 450.0, 448.0, 461.0, 404.0, 423.0, 492.0, 445.0, 402.0, 463.0, 430.0, 486.0, 425.0, 404.0, 430.0, 496.0, 450.0, 416.0, 405.0, 402.0, 452.0, 447.0, 427.0, 461.0, 478.0, 474.0, 432.0, 471.0, 436.0, 402.0, 420.0, 471.0, 436.0, 498.0, 417.0, 451.0, 441.0, 444.0, 417.0, 451.0, 440.0, 484.0, 467.0, 402.0, 485.0, 447.0, 471.0, 427.0, 428.0, 462.0, 426.0, 415.0, 476.0, 322.0, 309.0, 373.0, 303.0, 334.0, 329.0, 329.0, 326.0, 381.0, 313.0, 214.0, 256.0, 258.0, 275.0, 221.0 
99019, MulpicEntryTopScan, 6931.1, 239.0, 258.0, 240.0, 286.0, 250.0, 325.0, 331.0, 306.0, 322.0, 344.0, 348.0, 325.0, 329.0, 391.0, 337.0, 426.0, 455.0, 485.0, 408.0, 471.0, 482.0, 489.0, 414.0, 404.0, 413.0, 411.0, 450.0, 459.0, 429.0, 456.0, 430.0, 405.0, 488.0, 473.0, 421.0, 403.0, 489.0, 482.0, 453.0, 411.0, 499.0, 448.0, 420.0, 474.0, 417.0, 482.0, 444.0, 460.0, 457.0, 472.0, 471.0, 455.0, 500.0, 487.0, 436.0, 499.0, 417.0, 452.0, 453.0, 419.0, 449.0, 458.0, 400.0, 500.0, 428.0, 417.0, 486.0, 446.0, 406.0, 424.0, 410.0, 436.0, 485.0, 446.0, 442.0, 479.0, 469.0, 498.0, 467.0, 419.0, 474.0, 471.0, 443.0, 440.0, 460.0, 348.0, 368.0, 301.0, 393.0, 349.0, 372.0, 346.0, 335.0, 370.0, 352.0, 279.0, 208.0, 236.0, 296.0, 255.0 
99019, MulpicEntryTopScan, 7205.3, 292.0, 285.0, 262.0, 218.0, 209.0, 372.0, 337.0, 311.0, 357.0, 314.0, 385.0, 391.0, 309.0, 395.0, 400.0, 446.0, 417.0, 476.0, 404.0, 401.0, 448.0, 442.0, 434.0, 413.0, 449.0, 448.0, 414.0, 405.0, 484.0, 421.0, 476.0, 458.0, 436.0, 487.0, 459.0, 447.0, 414.0, 478.0, 469.0, 468.0, 422.0, 477.0, 494.0, 480.0, 416.0, 463.0, 499.0, 491.0, 405.0, 417.0, 409.0, 490.0, 441.0, 492.0, 428.0, 492.0, 455.0, 431.0, 490.0, 464.0, 411.0, 436.0, 404.0, 427.0, 428.0, 482.0, 439.0, 499.0, 473.0, 479.0, 498.0, 470.0, 462.0, 448.0, 426.0, 479.0, 493.0, 400.0, 404.0, 435.0, 427.0, 457.0, 409.0, 470.0, 403.0, 330.0, 377.0, 390.0, 383.0, 359.0, 309.0, 365.0, 384.0, 381.0, 361.0, 262.0, 225.0, 255.0, 237.0, 248.0 
99019, MulpicEntryTopScan, 7479.5, 212.0, 271.0, 285.0, 216.0, 293.0, 373.0, 317.0, 378.0, 356.0, 363.0, 364.0, 368.0, 398.0, 387.0, 348.0, 473.0, 411.0, 466.0, 435.0, 487.0, 477.0, 493.0, 492.0, 406.0, 495.0, 458.0, 467.0, 412.0, 426.0, 422.0, 482.0, 500.0, 428.0, 412.0, 489.0, 435.0, 400.0, 447.0, 462.0, 408.0, 429.0, 462.0, 487.0, 414.0, 431.0, 490.0, 461.0, 417.0, 482.0, 482.0, 410.0, 401.0, 424.0, 493.0, 457.0, 446.0, 459.0, 473.0, 401.0, 462.0, 426.0, 456.0, 416.0, 453.0, 444.0, 488.0, 472.0, 428.0, 427.0, 422.0, 448.0, 472.0, 472.0, 410.0, 455.0, 413.0, 408.0, 410.0, 457.0, 500.0, 434.0, 453.0, 488.0, 499.0, 453.0, 399.0, 311.0, 321.0, 351.0, 316.0, 311.0, 346.0, 394.0, 307.0, 353.0, 233.0, 212.0, 226.0, 233.0, 259.0 
99019, MulpicEntryTopScan, 7753.8, 203.0, 231.0, 211.0, 210.0, 257.0, 350.0, 398.0, 376.0, 350.0, 314.0, 316.0, 362.0, 382.0, 305.0, 396.0, 451.0, 495.0, 419.0, 465.0, 477.0, 426.0, 406.0, 471.0, 408.0, 455.0, 476.0, 485.0, 418.0, 458.0, 415.0, 488.0, 442.0, 452.0, 402.0, 493.0, 436.0, 425.0, 433.0, 409.0, 474.0, 415.0, 465.0, 460.0, 420.0, 427.0, 421.0, 471.0, 411.0, 433.0, 441.0, 430.0, 495.0, 443.0, 401.0, 473.0, 427.0, 414.0, 494.0, 443.0, 440.0, 438.0, 498.0, 432.0, 419.0, 438.0, 486.0, 415.0, 459.0, 499.0, 430.0, 421.0, 459.0, 455.0, 495.0, 495.0, 420.0, 444.0, 427.0, 442.0, 436.0, 442.0, 427.0, 459.0, 420.0, 498.0, 308.0, 322.0, 323.0, 328.0, 397.0, 367.0, 312.0, 319.0, 363.0, 325.0, 245.0, 246.0, 202.0, 270.0, 273.0 
99019, MulpicEntryTopScan, 8028.0, 245.0, 248.0, 251.0, 266.0, 278.0, 309.0, 314.0, 326.0, 362.0, 383.0, 301.0, 357.0, 357.0, 393.0, 356.0, 482.0, 488.0, 495.0, 493.0, 418.0, 486.0, 431.0, 484.0, 478.0, 416.0, 420.0, 471.0, 400.0, 418.0, 439.0, 444.0, 467.0, 460.0, 479.0, 426.0, 430.0, 404.0, 495.0, 406.0, 433.0, 419.0, 493.0, 404.0, 490.0, 460.0, 470.0, 451.0, 492.0, 400.0, 465.0, 499.0, 484.0, 466.0, 472.0, 451.0, 469.0, 439.0, 496.0, 430.0, 465.0, 468.0, 434.0, 487.0, 451.0, 474.0, 440.0, 400.0, 401.0, 484.0, 462.0, 406.0, 480.0, 476.0, 435.0, 403.0, 448.0, 422.0, 445.0, 499.0, 433.0, 491.0, 450.0, 431.0, 436.0, 473.0, 390.0, 343.0, 351.0, 312.0, 363.0, 318.0, 379.0, 378.0, 312.0, 391.0, 222.0, 284.0, 235.0, 209.0, 271.0 
99019, MulpicEntryTopScan, 8302.3, 225.0, 255.0, 289.0, 271.0, 201.0, 396.0, 373.0, 381.0, 377.0, 314.0, 304.0, 331.0, 305.0, 326.0, 394.0, 413.0, 413.0, 494.0, 441.0, 421.0, 404.0, 429.0, 407.0, 454.0, 410.0, 408.0, 436.0, 461.0, 485.0, 462.0, 424.0, 403.0, 454.0, 476.0, 442.0, 419.0, 485.0, 407.0, 400.0, 483.0, 431.0, 409.0, 464.0, 445.0, 500.0, 483.0, 478.0, 420.0, 432.0, 455.0, 437.0, 452.0, 423.0, 436.0, 431.0, 490.0, 471.0, 428.0, 421.0, 458.0, 453.0, 435.0, 463.0, 406.0, 490.0, 436.0, 441.0, 472.0, 476.0, 457.0, 422.0, 416.0, 443.0, 472.0, 454.0, 411.0, 420.0, 486.0, 460.0, 415.0, 487.0, 431.0, 416.0, 481.0, 445.0, 342.0, 395.0, 328.0, 400.0, 328.0, 391.0, 387.0, 354.0, 323.0, 397.0, 256.0, 284.0, 226.0, 292.0, 282.0 
99019, MulpicEntryTopScan, 8576.5, 203.0, 268.0, 276.0, 291.0, 281.0, 368.0, 324.0, 393.0, 305.0, 370.0, 303.0, 342.0, 330.0, 339.0, 354.0, 409.0, 450.0, 468.0, 467.0, 490.0, 442.0, 431.0, 425.0, 471.0, 492.0, 458.0, 400.0, 467.0, 485.0, 423.0, 427.0, 409.0, 456.0, 432.0, 410.0, 482.0, 478.0, 431.0, 422.0, 466.0, 470.0, 421.0, 450.0, 474.0, 430.0, 428.0, 472.0, 431.0, 427.0, 421.0, 429.0, 434.0, 443.0, 481.0, 410.0, 426.0, 426.0, 452.0, 440.0, 436.0, 462.0, 447.0, 476.0, 404.0, 438.0, 410.0, 494.0, 453.0, 410.0, 478.0, 459.0, 438.0, 477.0, 498.0, 463.0, 474.0, 422.0, 414.0, 479.0, 434.0, 489.0, 430.0, 475.0, 441.0, 405.0, 311.0, 351.0, 372.0, 329.0, 374.0, 385.0, 379.0, 327.0, 335.0, 311.0, 259.0, 274.0, 218.0, 300.0, 227.0 
99019, MulpicEntryTopScan, 8850.8, 201.0, 291.0, 209.0, 226.0, 229.0, 335.0, 311.0, 347.0, 300.0, 309.0, 373.0, 306.0, 383.0, 324.0, 388.0, 429.0, 496.0, 436.0, 488.0, 411.0, 491.0, 464.0, 444.0, 450.0, 446.0, 415.0, 425.0, 421.0, 405.0, 465.0, 481.0, 446.0, 400.0, 446.0, 426.0, 492.0, 411.0, 433.0, 411.0, 457.0, 459.0, 481.0, 480.0, 466.0, 466.0, 441.0, 497.0, 489.0, 442.0, 433.0, 459.0, 475.0, 435.0, 438.0, 405.0, 449.0, 474.0, 477.0, 489.0, 422.0, 420.0, 460.0, 474.0, 431.0, 447.0, 486.0, 440.0, 473.0, 499.0, 486.0, 441.0, 447.0, 487.0, 465.0, 468.0, 419.0, 457.0, 461.0, 486.0, 430.0, 479.0, 455.0, 431.0, 427.0, 464.0, 335.0, 351.0, 319.0, 339.0, 355.0, 308.0, 375.0, 361.0, 399.0, 368.0, 296.0, 227.0, 239.0, 219.0, 292.0 
99019, MulpicEntryTopScan, 9125.0, 274.0, 274.0, 295.0, 222.0, 270.0, 376.0, 369.0, 352.0, 315.0, 381.0, 319.0, 351.0, 357.0, 395.0, 397.0, 415.0, 435.0, 436.0, 481.0, 429.0, 489.0, 472.0, 456.0, 497.0, 430.0, 441.0, 458.0, 487.0, 413.0, 444.0, 491.0, 488.0, 436.0, 453.0, 446.0, 473.0, 438.0, 464.0, 425.0, 500.0, 459.0, 465.0, 492.0, 493.0, 432.0, 431.0, 480.0, 427.0, 416.0, 432.0, 447.0, 452.0, 495.0, 470.0, 413.0, 421.0, 422.0, 412.0, 400.0, 409.0, 434.0, 487.0, 476.0, 457.0, 473.0, 457.0, 457.0, 441.0, 402.0, 489.0, 465.0, 410.0, 428.0, 462.0, 404.0, 479.0, 470.0, 406.0, 440.0, 463.0, 481.0, 448.0, 500.0, 457.0, 405.0, 390.0, 361.0, 370.0, 320.0, 307.0, 384.0, 346.0, 325.0, 339.0, 327.0, 228.0, 227.0, 275.0, 212.0, 276.0 
99019, MulpicEntryTopScan, 9399.2, 253.0, 271.0, 232.0, 244.0, 283.0, 385.0, 366.0, 337.0, 316.0, 301.0, 323.0, 390.0, 357.0, 373.0, 365.0, 496.0, 415.0, 496.0, 474.0, 480.0, 460.0, 464.0, 435.0, 478.0, 486.0, 447.0, 460.0, 436.0, 455.0, 400.0, 478.0, 419.0, 429.0, 438.0, 476.0, 475.0, 428.0, 413.0, 404.0, 443.0, 467.0, 429.0, 403.0, 462.0, 441.0, 453.0, 409.0, 420.0, 415.0, 435.0, 451.0, 433.0, 462.0, 494.0, 417.0, 495.0, 415.0, 490.0, 465.0, 496.0, 497.0, 480.0, 455.0, 453.0, 434.0, 473.0, 421.0, 483.0, 493.0, 412.0, 407.0, 414.0, 477.0, 423.0, 413.0, 474.0, 428.0, 491.0, 433.0, 490.0, 413.0, 405.0, 445.0, 495.0, 428.0, 353.0, 374.0, 301.0, 335.0, 332.0, 327.0, 326.0, 382.0, 390.0, 345.0, 209.0, 239.0, 281.0, 220.0, 232.0 
99019, MulpicEntryTopScan, 9673.5, 283.0, 294.0, 226.0, 289.0, 240.0, 305.0, 400.0, 363.0, 380.0, 382.0, 320.0, 379.0, 330.0, 353.0, 352.0, 465.0, 484.0, 464.0, 471.0, 497.0, 409.0, 446.0, 492.0, 479.0, 427.0, 466.0, 421.0, 411.0, 493.0, 467.0, 493.0, 450.0, 441.0, 464.0, 472.0, 423.0, 473.0, 438.0, 436.0, 465.0, 439.0, 451.0, 464.0, 404.0, 458.0, 455.0, 414.0, 489.0, 500.0, 409.0, 498.0, 401.0, 491.0, 485.0, 421.0, 454.0, 452.0, 489.0, 497.0, 414.0, 422.0, 425.0, 487.0, 426.0, 446.0, 421.0, 419.0, 462.0, 435.0, 486.0, 402.0, 420.0, 429.0, 444.0, 445.0, 401.0, 491.0, 419.0, 490.0, 439.0, 457.0, 453.0, 487.0, 425.0, 400.0, 391.0, 395.0, 384.0, 318.0, 339.0, 349.0, 356.0, 395.0, 340.0, 385.0, 251.0, 268.0, 228.0, 245.0, 267.0 
99019, MulpicEntryTopScan, 9947.7, 268.0, 206.0, 214.0, 265.0, 294.0, 382.0, 371.0, 380.0, 366.0, 392.0, 329.0, 390.0, 393.0, 319.0, 373.0, 493.0, 497.0, 431.0, 460.0, 468.0, 483.0, 499.0, 466.0, 467.0, 464.0, 403.0, 426.0, 492.0, 432.0, 446.0, 488.0, 451.0, 466.0, 457.0, 481.0, 453.0, 440.0, 488.0, 481.0, 440.0, 485.0, 480.0, 498.0, 443.0, 498.0, 418.0, 420.0, 401.0, 477.0, 421.0, 472.0, 447.0, 470.0, 441.0, 491.0, 455.0, 488.0, 495.0, 454.0, 419.0, 419.0, 446.0, 476.0, 432.0, 497.0, 452.0, 472.0, 493.0, 476.0, 464.0, 424.0, 469.0, 475.0, 495.0, 456.0, 494.0, 412.0, 448.0, 409.0, 411.0, 480.0, 470.0, 468.0, 401.0, 495.0, 325.0, 318.0, 368.0, 336.0, 387.0, 379.0, 309.0, 317.0, 358.0, 340.0, 293.0, 259.0, 270.0, 274.0, 209.0 
99019, MulpicEntryTopScan, 10222.0, 298.0, 211.0, 211.0, 218.0, 212.0, 313.0, 372.0, 306.0, 376.0, 367.0, 363.0, 301.0, 310.0, 359.0, 400.0, 437.0, 482.0, 477.0, 442.0, 492.0, 405.0, 475.0, 480.0, 420.0, 419.0, 466.0, 444.0, 472.0, 417.0, 434.0, 488.0, 491.0, 418.0, 436.0, 482.0, 427.0, 490.0, 400.0, 409.0, 448.0, 437.0, 490.0, 459.0, 496.0, 488.0, 439.0, 416.0, 463.0, 480.0, 449.0, 497.0, 469.0, 429.0, 439.0, 405.0, 464.0, 454.0, 447.0, 419.0, 428.0, 476.0, 458.0, 408.0, 436.0, 468.0, 424.0, 485.0, 405.0, 422.0, 425.0, 461.0, 442.0, 477.0, 408.0, 474.0, 486.0, 448.0, 455.0, 490.0, 464.0, 442.0, 445.0, 497.0, 458.0, 403.0, 343.0, 383.0, 310.0, 328.0, 309.0, 326.0, 316.0, 301.0, 336.0, 350.0, 296.0, 231.0, 243.0, 208.0, 213.0 
99019, MulpicEntryTopScan, 10496.2, 274.0, 286.0, 200.0, 286.0, 224.0, 391.0, 304.0, 364.0, 311.0, 349.0, 324.0, 304.0, 399.0, 400.0, 312.0, 453.0, 494.0, 402.0, 473.0, 493.0, 474.0, 444.0, 410.0, 472.0, 424.0, 496.0, 423.0, 478.0, 477.0, 402.0, 401.0, 443.0, 430.0, 449.0, 457.0, 440.0, 492.0, 400.0, 462.0, 478.0, 483.0, 500.0, 495.0, 443.0, 462.0, 430.0, 441.0, 410.0, 449.0, 496.0, 495.0, 448.0, 405.0, 481.0, 434.0, 420.0, 467.0, 475.0, 421.0, 407.0, 462.0, 407.0, 451.0, 472.0, 482.0, 421.0, 406.0, 438.0, 463.0, 407.0, 417.0, 439.0, 491.0, 409.0, 497.0, 491.0, 456.0, 437.0, 498.0, 416.0, 458.0, 402.0, 468.0, 448.0, 429.0, 396.0, 386.0, 305.0, 341.0, 341.0, 338.0, 323.0, 377.0, 300.0, 393.0, 224.0, 288.0, 293.0, 242.0, 217.0 
99019, MulpicEntryTopScan, 10770.5, 200.0, 281.0, 222.0, 226.0, 273.0, 328.0, 317.0, 367.0, 391.0, 354.0, 341.0, 369.0, 330.0, 313.0, 301.0, 463.0, 403.0, 470.0, 479.0, 429.0, 419.0, 438.0, 404.0, 495.0, 477.0, 495.0, 486.0, 480.0, 478.0, 485.0, 490.0, 466.0, 403.0, 428.0, 485.0, 500.0, 475.0, 496.0, 493.0, 476.0, 422.0, 438.0, 426.0, 461.0, 433.0, 419.0, 478.0, 415.0, 453.0, 459.0, 428.0, 451.0, 473.0, 499.0, 422.0, 470.0, 498.0, 490.0, 486.0, 500.0, 426.0, 468.0, 406.0, 437.0, 497.0, 483.0, 481.0, 411.0, 475.0, 493.0, 441.0, 451.0, 400.0, 477.0, 488.0, 455.0, 418.0, 470.0, 458.0, 482.0, 478.0, 455.0, 486.0, 490.0, 438.0, 311.0, 400.0, 302.0, 349.0, 308.0, 351.0, 359.0, 312.0, 352.0, 318.0, 253.0, 268.0, 201.0, 209.0, 294.0 
99019, MulpicEntryTopScan, 11044.7, 256.0, 232.0, 297.0, 283.0, 217.0, 342.0, 327.0, 359.0, 357.0, 303.0, 370.0, 391.0, 301.0, 396.0, 381.0, 439.0, 483.0, 447.0, 419.0, 424.0, 480.0, 419.0, 457.0, 419.0, 451.0, 454.0, 455.0, 423.0, 492.0, 463.0, 474.0, 450.0, 432.0, 493.0, 466.0, 417.0, 412.0, 489.0, 498.0, 480.0, 484.0, 438.0, 412.0, 479.0, 492.0, 475.0, 438.0, 405.0, 470.0, 428.0, 443.0, 457.0, 461.0, 452.0, 459.0, 436.0, 428.0, 471.0, 401.0, 416.0, 410.0, 436.0, 448.0, 445.0, 497.0, 441.0, 407.0, 421.0, 472.0, 450.0, 456.0, 495.0, 450.0, 452.0, 422.0, 461.0, 424.0, 495.0, 457.0, 428.0, 474.0, 403.0, 412.0, 420.0, 497.0, 307.0, 372.0, 387.0, 391.0, 388.0, 382.0, 392.0, 310.0, 368.0, 313.0, 274.0, 292.0, 259.0, 264.0, 258.0 
99019, MulpicEntryTopScan, 11318.9, 275.0, 288.0, 238.0, 296.0, 283.0, 382.0, 348.0, 339.0, 389.0, 331.0, 369.0, 394.0, 345.0, 378.0, 399.0, 442.0, 479.0, 478.0, 484.0, 439.0, 481.0, 409.0, 470.0, 426.0, 466.0, 463.0, 480.0, 428.0, 488.0, 405.0, 417.0, 497.0, 450.0, 419.0, 414.0, 486.0, 466.0, 454.0, 458.0, 491.0, 498.0, 480.0, 483.0, 425.0, 408.0, 405.0, 477.0, 457.0, 481.0, 441.0, 468.0, 438.0, 447.0, 442.0, 492.0, 482.0, 476.0, 458.0, 496.0, 461.0, 418.0, 485.0, 415.0, 409.0, 498.0, 440.0, 442.0, 443.0, 464.0, 498.0, 427.0, 401.0, 403.0, 467.0, 471.0, 468.0, 446.0, 436.0, 417.0, 409.0, 418.0, 410.0, 425.0, 441.0, 483.0, 335.0, 354.0, 320.0, 343.0, 350.0, 334.0, 359.0, 393.0, 355.0, 345.0, 278.0, 245.0, 274.0, 300.0, 259.0 
99019, MulpicEntryTopScan, 11593.2, 250.0, 231.0, 268.0, 222.0, 206.0, 352.0, 387.0, 351.0, 358.0, 339.0, 307.0, 303.0, 328.0, 308.0, 343.0, 439.0, 432.0, 495.0, 438.0, 469.0, 440.0, 413.0, 462.0, 439.0, 426.0, 413.0, 488.0, 439.0, 438.0, 459.0, 438.0, 435.0, 458.0, 467.0, 405.0, 440.0, 433.0, 407.0, 491.0, 468.0, 500.0, 489.0, 425.0, 422.0, 500.0, 457.0, 405.0, 408.0, 492.0, 448.0, 446.0, 411.0, 479.0, 446.0, 468.0, 485.0, 408.0, 448.0, 463.0, 413.0, 455.0, 449.0, 456.0, 462.0, 432.0, 483.0, 414.0, 450.0, 482.0, 471.0, 433.0, 459.0, 487.0, 434.0, 489.0, 447.0, 422.0, 468.0, 430.0, 493.0, 491.0, 406.0, 490.0, 468.0, 445.0, 387.0, 314.0, 353.0, 315.0, 370.0, 373.0, 360.0, 374.0, 368.0, 361.0, 235.0, 264.0, 229.0, 236.0, 255.0 
99019, MulpicEntryTopScan, 11867.4, 217.0, 251.0, 237.0, 241.0, 277.0, 397.0, 302.0, 300.0, 317.0, 367.0, 382.0, 370.0, 367.0, 320.0, 313.0, 496.0, 497.0, 474.0, 440.0, 482.0, 428.0, 453.0, 484.0, 420.0, 401.0, 493.0, 469.0, 407.0, 433.0, 485.0, 495.0, 436.0, 421.0, 470.0, 430.0, 403.0, 430.0, 418.0, 408.0, 446.0, 412.0, 469.0, 405.0, 467.0, 466.0, 440.0, 434.0, 422.0, 490.0, 472.0, 441.0, 456.0, 452.0, 426.0, 408.0, 467.0, 411.0, 413.0, 463.0, 426.0, 452.0, 433.0, 408.0, 437.0, 468.0, 483.0, 492.0, 495.0, 496.0, 417.0, 415.0, 493.0, 473.0, 434.0, 442.0, 461.0, 412.0, 444.0, 451.0, 431.0, 408.0, 486.0, 486.0, 475.0, 406.0, 315.0, 313.0, 323.0, 324.0, 336.0, 348.0, 382.0, 311.0, 344.0, 390.0, 214.0, 292.0, 215.0, 202.0, 221.0 
99019, MulpicEntryTopScan, 12141.7, 251.0, 220.0, 260.0, 229.0, 271.0, 351.0, 333.0, 327.0, 332.0, 330.0, 354.0, 383.0, 355.0, 300.0, 382.0, 477.0, 401.0, 402.0, 423.0, 487.0, 421.0, 427.0, 492.0, 431.0, 408.0, 486.0, 402.0, 464.0, 499.0, 431.0, 426.0, 453.0, 484.0, 450.0, 475.0, 483.0, 413.0, 494.0, 409.0, 486.0, 415.0, 479.0, 422.0, 425.0, 471.0, 432.0, 457.0, 453.0, 452.0, 416.0, 495.0, 495.0, 417.0, 419.0, 428.0, 440.0, 407.0, 427.0, 444.0, 447.0, 441.0, 436.0, 431.0, 453.0, 433.0, 458.0, 485.0, 403.0, 477.0, 490.0, 472.0, 457.0, 461.0, 418.0, 458.0, 411.0, 433.0, 476.0, 460.0, 466.0, 442.0, 407.0, 445.0, 439.0, 414.0, 394.0, 398.0, 398.0, 396.0, 328.0, 354.0, 364.0, 356.0, 307.0, 358.0, 261.0, 293.0, 244.0, 230.0, 221.0 
99019, MulpicEntryTopScan, 12415.9, 224.0, 261.0, 256.0, 290.0, 211.0, 400.0, 307.0, 364.0, 311.0, 363.0, 330.0, 348.0, 307.0, 349.0, 317.0, 447.0, 453.0, 412.0, 495.0, 464.0, 425.0, 491.0, 485.0, 409.0, 472.0, 440.0, 432.0, 458.0, 467.0, 468.0, 477.0, 405.0, 454.0, 415.0, 425.0, 441.0, 420.0, 422.0, 479.0, 458.0, 449.0, 430.0, 423.0, 420.0, 428.0, 479.0, 482.0, 425.0, 407.0, 485.0, 406.0, 470.0, 482.0, 449.0, 485.0, 451.0, 482.0, 454.0, 417.0, 416.0, 480.0, 427.0, 409.0, 496.0, 408.0, 488.0, 465.0, 431.0, 466.0, 456.0, 485.0, 478.0, 477.0, 401.0, 442.0, 449.0, 493.0, 489.0, 481.0, 405.0, 457.0, 429.0, 435.0, 435.0, 459.0, 304.0, 361.0, 300.0, 354.0, 394.0, 386.0, 400.0, 394.0, 341.0, 367.0, 227.0, 227.0, 214.0, 254.0, 236.0 
99019, MulpicEntryTopScan, 12690.2, 259.0, 225.0, 246.0, 260.0, 279.0, 303.0, 321.0, 350.0, 313.0, 307.0, 336.0, 308.0, 378.0, 383.0, 373.0, 497.0, 437.0, 433.0, 483.0, 446.0, 476.0, 482.0, 453.0, 475.0, 478.0, 435.0, 414.0, 429.0, 490.0, 440.0, 464.0, 416.0, 472.0, 494.0, 440.0, 416.0, 451.0, 406.0, 417.0, 438.0, 462.0, 435.0, 496.0, 427.0, 434.0, 495.0, 497.0, 400.0, 414.0, 419.0, 401.0, 463.0, 486.0, 449.0, 475.0, 446.0, 440.0, 445.0, 486.0, 460.0, 497.0, 413.0, 454.0, 467.0, 419.0, 439.0, 407.0, 493.0, 442.0, 434.0, 410.0, 431.0, 487.0, 489.0, 403.0, 466.0, 447.0, 451.0, 421.0, 453.0, 494.0, 411.0, 454.0, 480.0, 467.0, 336.0, 395.0, 398.0, 394.0, 310.0, 386.0, 348.0, 326.0, 303.0, 344.0, 232.0, 244.0, 231.0, 213.0, 236.0 
99019, MulpicEntryTopScan, 12964.4, 262.0, 227.0, 225.0, 206.0, 269.0, 391.0, 390.0, 339.0, 307.0, 398.0, 354.0, 338.0, 396.0, 317.0, 353.0, 477.0, 423.0, 448.0, 448.0, 423.0, 480.0, 455.0, 441.0, 414.0, 407.0, 476.0, 453.0, 456.0, 452.0, 466.0, 494.0, 428.0, 439.0, 423.0, 400.0, 499.0, 410.0, 440.0, 448.0, 473.0, 439.0, 434.0, 484.0, 451.0, 486.0, 481.0, 467.0, 442.0, 473.0, 415.0, 401.0, 486.0, 427.0, 454.0, 488.0, 469.0, 446.0, 479.0, 497.0, 464.0, 444.0, 411.0, 425.0, 413.0, 466.0, 494.0, 447.0, 470.0, 428.0, 402.0, 436.0, 460.0, 466.0, 483.0, 482.0, 481.0, 469.0, 435.0, 414.0, 402.0, 495.0, 416.0, 476.0, 449.0, 498.0, 389.0, 316.0, 376.0, 355.0, 370.0, 332.0, 346.0, 398.0, 329.0, 370.0, 284.0, 231.0, 212.0, 277.0, 234.0 
99019, MulpicEntryTopScan, 13238.6, 224.0, 268.0, 259.0, 242.0, 218.0, 358.0, 344.0, 387.0, 305.0, 349.0, 352.0, 302.0, 326.0, 314.0, 398.0, 461.0, 485.0, 486.0, 429.0, 482.0, 401.0, 484.0, 486.0, 422.0, 445.0, 441.0, 499.0, 476.0, 448.0, 448.0, 448.0, 429.0, 451.0, 485.0, 419.0, 457.0, 485.0, 457.0, 471.0, 446.0, 457.0, 453.0, 499.0, 407.0, 416.0, 472.0, 447.0, 400.0, 410.0, 420.0, 495.0, 483.0, 437.0, 457.0, 435.0, 473.0, 402.0, 409.0, 416.0, 493.0, 470.0, 493.0, 427.0, 498.0, 430.0, 490.0, 487.0, 410.0, 438.0, 416.0, 488.0, 413.0, 481.0, 443.0, 450.0, 464.0, 484.0, 417.0, 469.0, 471.0, 482.0, 448.0, 426.0, 488.0, 430.0, 373.0, 341.0, 399.0, 360.0, 400.0, 321.0, 356.0, 370.0, 351.0, 391.0, 263.0, 278.0, 247.0, 261.0, 238.0 
99019, MulpicEntryTopScan, 13512.9, 265.0, 297.0, 214.0, 293.0, 294.0, 307.0, 357.0, 305.0, 338.0, 352.0, 324.0, 318.0, 374.0, 361.0, 339.0, 457.0, 412.0, 412.0, 421.0, 439.0, 466.0, 463.0, 483.0, 469.0, 433.0, 425.0, 491.0, 403.0, 433.0, 480.0, 421.0, 414.0, 477.0, 421.0, 428.0, 484.0, 469.0, 414.0, 458.0, 479.0, 419.0, 434.0, 400.0, 412.0, 431.0, 475.0, 475.0, 437.0, 409.0, 404.0, 476.0, 432.0, 481.0, 499.0, 425.0, 412.0, 427.0, 468.0, 492.0, 485.0, 436.0, 404.0, 429.0, 431.0, 425.0, 446.0, 403.0, 437.0, 489.0, 466.0, 474.0, 478.0, 473.0, 434.0, 458.0, 428.0, 482.0, 412.0, 442.0, 444.0, 494.0, 491.0, 402.0, 489.0, 401.0, 313.0, 320.0, 321.0, 327.0, 394.0, 300.0, 337.0, 332.0, 373.0, 312.0, 288.0, 241.0, 239.0, 243.0, 221.0 
99019, MulpicEntryTopScan, 13787.1, 200.0, 222.0, 217.0, 250.0, 282.0, 349.0, 367.0, 396.0, 379.0, 305.0, 316.0, 364.0, 395.0, 315.0, 385.0, 450.0, 461.0, 500.0, 416.0, 422.0, 476.0, 478.0, 467.0, 412.0, 488.0, 487.0, 493.0, 444.0, 408.0, 407.0, 486.0, 430.0, 498.0, 442.0, 495.0, 472.0, 498.0, 449.0, 454.0, 452.0, 433.0, 450.0, 491.0, 465.0, 426.0, 411.0, 490.0, 491.0, 488.0, 486.0, 486.0, 493.0, 413.0, 428.0, 402.0, 438.0, 448.0, 437.0, 457.0, 471.0, 410.0, 423.0, 485.0, 459.0, 419.0, 481.0, 404.0, 400.0, 450.0, 419.0, 432.0, 414.0, 451.0, 440.0, 467.0, 498.0, 488.0, 414.0, 466.0, 463.0, 489.0, 437.0, 407.0, 445.0, 431.0, 349.0, 311.0, 393.0, 353.0, 344.0, 311.0, 377.0, 388.0, 387.0, 303.0, 246.0, 203.0, 246.0, 223.0, 249.0 
99019, MulpicEntryTopScan, 14061.4, 248.0, 265.0, 294.0, 283.0, 218.0, 356.0, 368.0, 380.0, 352.0, 370.0, 315.0, 356.0, 366.0, 302.0, 323.0, 437.0, 410.0, 441.0, 469.0, 464.0, 486.0, 452.0, 413.0, 487.0, 437.0, 482.0, 444.0, 437.0, 476.0, 451.0, 477.0, 434.0, 414.0, 404.0, 438.0, 491.0, 440.0, 442.0, 428.0, 471.0, 495.0, 494.0, 454.0, 419.0, 435.0, 426.0, 491.0, 420.0, 410.0, 470.0, 448.0, 410.0, 445.0, 410.0, 500.0, 493.0, 423.0, 489.0, 421.0, 444.0, 473.0, 469.0, 438.0, 488.0, 409.0, 479.0, 446.0, 432.0, 458.0, 463.0, 410.0, 470.0, 407.0, 419.0, 419.0, 411.0, 480.0, 447.0, 404.0, 487.0, 410.0, 401.0, 436.0, 465.0, 451.0, 351.0, 385.0, 356.0, 366.0, 396.0, 394.0, 315.0, 377.0, 325.0, 331.0, 244.0, 296.0, 226.0, 242.0, 274.0 
99019, MulpicEntryTopScan, 14335.6, 258.0, 236.0, 201.0, 287.0, 233.0, 314.0, 371.0, 318.0, 339.0, 388.0, 328.0, 352.0, 391.0, 333.0, 323.0, 451.0, 483.0, 412.0, 438.0, 406.0, 483.0, 408.0, 419.0, 426.0, 434.0, 439.0, 468.0, 455.0, 433.0, 479.0, 449.0, 442.0, 439.0, 469.0, 448.0, 493.0, 479.0, 477.0, 405.0, 480.0, 492.0, 451.0, 485.0, 424.0, 408.0, 485.0, 492.0, 495.0, 490.0, 412.0, 450.0, 415.0, 427.0, 420.0, 431.0, 436.0, 453.0, 439.0, 467.0, 422.0, 496.0, 404.0, 438.0, 425.0, 494.0, 405.0, 466.0, 475.0, 437.0, 494.0, 496.0, 450.0, 438.0, 440.0, 401.0, 466.0, 406.0, 405.0, 438.0, 431.0, 496.0, 414.0, 441.0, 473.0, 447.0, 326.0, 359.0, 324.0, 360.0, 311.0, 370.0, 313.0, 338.0, 390.0, 334.0, 284.0, 255.0, 280.0, 248.0, 219.0 
99019, MulpicEntryTopScan, 14609.8, 201.0, 279.0, 254.0, 215.0, 271.0, 377.0, 350.0, 328.0, 361.0, 315.0, 355.0, 359.0, 301.0, 302.0, 324.0, 483.0, 469.0, 425.0, 471.0, 437.0, 461.0, 423.0, 494.0, 470.0, 425.0, 407.0, 418.0, 488.0, 473.0, 484.0, 423.0, 429.0, 407.0, 458.0, 424.0, 475.0, 460.0, 461.0, 452.0, 435.0, 495.0, 455.0, 483.0, 476.0, 408.0, 415.0, 408.0, 430.0, 475.0, 478.0, 441.0, 465.0, 492.0, 467.0, 499.0, 457.0, 402.0, 404.0, 441.0, 476.0, 468.0, 457.0, 474.0, 479.0, 469.0, 481.0, 425.0, 406.0, 405.0, 483.0, 490.0, 419.0, 424.0, 448.0, 478.0, 437.0, 446.0, 448.0, 400.0, 465.0, 438.0, 464.0, 476.0, 440.0, 465.0, 392.0, 369.0, 306.0, 321.0, 357.0, 313.0, 334.0, 341.0, 400.0, 340.0, 208.0, 270.0, 249.0, 250.0, 249.0 
99019, MulpicEntryTopScan, 14884.1, 262.0, 213.0, 210.0, 200.0, 231.0, 349.0, 342.0, 339.0, 317.0, 379.0, 396.0, 305.0, 321.0, 322.0, 379.0, 411.0, 400.0, 406.0, 472.0, 463.0, 436.0, 416.0, 433.0, 483.0, 439.0, 494.0, 450.0, 413.0, 402.0, 436.0, 475.0, 479.0, 492.0, 471.0, 452.0, 454.0, 437.0, 405.0, 442.0, 473.0, 404.0, 500.0, 412.0, 497.0, 495.0, 457.0, 442.0, 487.0, 419.0, 458.0, 444.0, 462.0, 417.0, 468.0, 417.0, 464.0, 412.0, 439.0, 422.0, 474.0, 419.0, 441.0, 469.0, 497.0, 409.0, 441.0, 454.0, 401.0, 425.0, 443.0, 418.0, 491.0, 483.0, 404.0, 470.0, 476.0, 439.0, 447.0, 480.0, 430.0, 480.0, 450.0, 426.0, 489.0, 470.0, 382.0, 372.0, 353.0, 394.0, 350.0, 397.0, 367.0, 374.0, 313.0, 396.0, 203.0, 239.0, 273.0, 220.0, 262.0 
99019, MulpicEntryTopScan, 15158.3, 213.0, 295.0, 237.0, 244.0, 231.0, 348.0, 365.0, 349.0, 336.0, 385.0, 400.0, 336.0, 386.0, 313.0, 338.0, 437.0, 483.0, 402.0, 458.0, 496.0, 465.0, 440.0, 471.0, 435.0, 417.0, 421.0, 401.0, 487.0, 476.0, 485.0, 497.0, 422.0, 477.0, 499.0, 470.0, 402.0, 427.0, 408.0, 401.0, 426.0, 414.0, 425.0, 411.0, 400.0, 449.0, 444.0, 441.0, 476.0, 458.0, 413.0, 473.0, 500.0, 463.0, 416.0, 443.0, 483.0, 499.0, 449.0, 461.0, 465.0, 488.0, 463.0, 401.0, 406.0, 489.0, 457.0, 444.0, 400.0, 438.0, 403.0, 402.0, 491.0, 425.0, 424.0, 424.0, 410.0, 427.0, 488.0, 411.0, 458.0, 485.0, 464.0, 489.0, 486.0, 424.0, 379.0, 327.0, 307.0, 399.0, 302.0, 369.0, 381.0, 301.0, 355.0, 353.0, 282.0, 247.0, 287.0, 229.0, 292.0 
99019, MulpicEntryTopScan, 15432.6, 207.0, 243.0, 257.0, 249.0, 274.0, 387.0, 393.0, 393.0, 382.0, 395.0, 343.0, 336.0, 303.0, 390.0, 344.0, 431.0, 430.0, 433.0, 451.0, 488.0, 448.0, 490.0, 433.0, 453.0, 409.0, 409.0, 451.0, 435.0, 405.0, 455.0, 460.0, 457.0, 421.0, 465.0, 439.0, 467.0, 428.0, 432.0, 496.0, 434.0, 410.0, 486.0, 414.0, 460.0, 487.0, 436.0, 430.0, 421.0, 457.0, 437.0, 450.0, 468.0, 486.0, 442.0, 444.0, 476.0, 492.0, 438.0, 477.0, 404.0, 425.0, 436.0, 471.0, 469.0, 405.0, 465.0, 425.0, 454.0, 492.0, 482.0, 404.0, 427.0, 479.0, 433.0, 402.0, 499.0, 437.0, 416.0, 440.0, 490.0, 486.0, 427.0, 444.0, 466.0, 410.0, 330.0, 369.0, 343.0, 388.0, 319.0, 372.0, 363.0, 330.0, 384.0, 333.0, 281.0, 281.0, 263.0, 223.0, 274.0 
99019, MulpicEntryTopScan, 15706.8, 277.0, 293.0, 253.0, 249.0, 209.0, 365.0, 393.0, 315.0, 345.0, 310.0, 362.0, 372.0, 356.0, 368.0, 397.0, 482.0, 465.0, 431.0, 470.0, 450.0, 434.0, 422.0, 474.0, 449.0, 408.0, 487.0, 470.0, 466.0, 481.0, 439.0, 469.0, 484.0, 453.0, 484.0, 463.0, 432.0, 443.0, 486.0, 485.0, 491.0, 500.0, 472.0, 425.0, 435.0, 462.0, 408.0, 492.0, 456.0, 495.0, 431.0, 482.0, 400.0, 433.0, 416.0, 438.0, 469.0, 418.0, 478.0, 411.0, 486.0, 403.0, 442.0, 409.0, 422.0, 412.0, 465.0, 454.0, 479.0, 448.0, 408.0, 474.0, 443.0, 433.0, 451.0, 405.0, 408.0, 465.0, 499.0, 468.0, 466.0, 448.0, 420.0, 481.0, 489.0, 490.0, 385.0, 356.0, 400.0, 368.0, 379.0, 303.0, 358.0, 398.0, 364.0, 361.0, 240.0, 266.0, 244.0, 257.0, 266.0 
99019, MulpicEntryTopScan, 15981.1, 277.0, 205.0, 284.0, 209.0, 291.0, 339.0, 355.0, 345.0, 397.0, 345.0, 390.0, 388.0, 327.0, 374.0, 371.0, 469.0, 421.0, 423.0, 484.0, 454.0, 449.0, 453.0, 475.0, 412.0, 435.0, 484.0, 497.0, 485.0, 411.0, 465.0, 486.0, 488.0, 479.0, 494.0, 422.0, 500.0, 477.0, 488.0, 443.0, 480.0, 450.0, 451.0, 481.0, 421.0, 451.0, 448.0, 483.0, 497.0, 475.0, 456.0, 483.0, 402.0, 449.0, 407.0, 456.0, 421.0, 421.0, 423.0, 423.0, 454.0, 439.0, 448.0, 416.0, 461.0, 411.0, 413.0, 443.0, 404.0, 408.0, 480.0, 459.0, 440.0, 458.0, 428.0, 496.0, 441.0, 452.0, 447.0, 412.0, 453.0, 439.0, 425.0, 441.0, 405.0, 415.0, 385.0, 338.0, 330.0, 376.0, 373.0, 343.0, 376.0, 362.0, 389.0, 324.0, 217.0, 222.0, 211.0, 254.0, 226.0 
99019, MulpicEntryTopScan, 16255.3, 233.0, 224.0, 236.0, 297.0, 234.0, 345.0, 313.0, 363.0, 372.0, 304.0, 345.0, 359.0, 382.0, 335.0, 312.0, 439.0, 448.0, 449.0, 476.0, 411.0, 412.0, 477.0, 483.0, 430.0, 497.0, 483.0, 474.0, 422.0, 413.0, 426.0, 476.0, 487.0, 431.0, 405.0, 420.0, 473.0, 413.0, 455.0, 474.0, 416.0, 413.0, 492.0, 489.0, 468.0, 462.0, 423.0, 467.0, 455.0, 439.0, 459.0, 492.0, 488.0, 483.0, 456.0, 487.0, 439.0, 404.0, 440.0, 446.0, 435.0, 459.0, 448.0, 411.0, 415.0, 498.0, 489.0, 415.0, 432.0, 466.0, 442.0, 484.0, 443.0, 479.0, 438.0, 440.0, 400.0, 448.0, 433.0, 477.0, 414.0, 455.0, 459.0, 421.0, 441.0, 490.0, 368.0, 314.0, 318.0, 378.0, 361.0, 353.0, 379.0, 325.0, 345.0, 399.0, 210.0, 221.0, 288.0, 276.0, 267.0 
99019, MulpicEntryTopScan, 16529.5, 252.0, 243.0, 233.0, 209.0, 210.0, 344.0, 343.0, 347.0, 390.0, 345.0, 383.0, 301.0, 330.0, 393.0, 339.0, 407.0, 480.0, 444.0, 405.0, 500.0, 436.0, 454.0, 431.0, 441.0, 403.0, 414.0, 494.0, 467.0, 444.0, 454.0, 403.0, 448.0, 489.0, 436.0, 457.0, 466.0, 455.0, 499.0, 454.0, 474.0, 440.0, 401.0, 444.0, 446.0, 461.0, 419.0, 444.0, 409.0, 471.0, 418.0, 440.0, 431.0, 450.0, 449.0, 447.0, 416.0, 496.0, 496.0, 438.0, 489.0, 414.0, 497.0, 430.0, 454.0, 433.0, 498.0, 467.0, 405.0, 485.0, 455.0, 446.0, 464.0, 485.0, 421.0, 467.0, 456.0, 424.0, 500.0, 500.0, 463.0, 469.0, 422.0, 451.0, 493.0, 498.0, 387.0, 314.0, 320.0, 322.0, 386.0, 378.0, 304.0, 300.0, 326.0, 386.0, 255.0, 265.0, 266.0, 205.0, 286.0 
99019, MulpicEntryTopScan, 16803.8, 256.0, 269.0, 246.0, 278.0, 211.0, 347.0, 327.0, 388.0, 310.0, 354.0, 373.0, 314.0, 362.0, 337.0, 331.0, 469.0, 420.0, 423.0, 448.0, 452.0, 483.0, 478.0, 400.0, 462.0, 485.0, 478.0, 462.0, 448.0, 428.0, 488.0, 436.0, 444.0, 430.0, 403.0, 424.0, 453.0, 490.0, 480.0, 478.0, 482.0, 466.0, 478.0, 412.0, 466.0, 418.0, 429.0, 471.0, 466.0, 455.0, 424.0, 437.0, 419.0, 421.0, 471.0, 465.0, 453.0, 478.0, 469.0, 436.0, 474.0, 490.0, 428.0, 413.0, 481.0, 446.0, 430.0, 486.0, 440.0, 442.0, 414.0, 405.0, 443.0, 494.0, 421.0, 447.0, 455.0, 441.0, 430.0, 464.0, 413.0, 475.0, 421.0, 486.0, 435.0, 415.0, 353.0, 374.0, 302.0, 374.0, 398.0, 366.0, 381.0, 354.0, 325.0, 361.0, 284.0, 231.0, 249.0, 242.0, 227.0 
99019, MulpicEntryTopScan, 17078.0, 283.0, 294.0, 238.0, 257.0, 234.0, 376.0, 321.0, 376.0, 380.0, 358.0, 340.0, 309.0, 334.0, 310.0, 353.0, 484.0, 444.0, 401.0, 428.0, 487.0, 400.0, 406.0, 424.0, 414.0, 470.0, 493.0, 405.0, 432.0, 441.0, 420.0, 464.0, 402.0, 471.0, 417.0, 464.0, 436.0, 422.0, 412.0, 438.0, 402.0, 484.0, 469.0, 472.0, 429.0, 472.0, 439.0, 495.0, 499.0, 447.0, 435.0, 414.0, 466.0, 496.0, 473.0, 405.0, 459.0, 463.0, 479.0, 471.0, 477.0, 492.0, 417.0, 409.0, 435.0, 435.0, 411.0, 442.0, 434.0, 431.0, 410.0, 430.0, 442.0, 477.0, 426.0, 450.0, 439.0, 467.0, 440.0, 459.0, 499.0, 407.0, 499.0, 453.0, 411.0, 461.0, 334.0, 326.0, 314.0, 331.0, 387.0, 367.0, 366.0, 322.0, 304.0, 307.0, 229.0, 255.0, 226.0, 204.0, 254.0 
99019, MulpicEntryTopScan, 17352.3, 287.0, 224.0, 286.0, 209.0, 218.0, 364.0, 334.0, 370.0, 381.0, 393.0, 329.0, 326.0, 340.0, 371.0, 319.0, 437.0, 472.0, 421.0, 410.0, 463.0, 480.0, 487.0, 460.0, 462.0, 435.0, 405.0, 416.0, 478.0, 452.0, 437.0, 456.0, 447.0, 409.0, 457.0, 497.0, 490.0, 495.0, 402.0, 433.0, 424.0, 451.0, 402.0, 409.0, 458.0, 493.0, 428.0, 464.0, 500.0, 400.0, 406.0, 484.0, 426.0, 488.0, 463.0, 488.0, 491.0, 430.0, 402.0, 439.0, 472.0, 456.0, 468.0, 430.0, 486.0, 486.0, 433.0, 448.0, 412.0, 449.0, 418.0, 443.0, 454.0, 453.0, 488.0, 440.0, 468.0, 497.0, 477.0, 439.0, 468.0, 457.0, 400.0, 463.0, 470.0, 431.0, 356.0, 309.0, 389.0, 353.0, 317.0, 349.0, 342.0, 365.0, 315.0, 315.0, 267.0, 221.0, 201.0, 273.0, 256.0 
99019, MulpicEntryTopScan, 17626.5, 214.0, 234.0, 213.0, 275.0, 230.0, 354.0, 391.0, 388.0, 313.0, 327.0, 331.0, 356.0, 375.0, 341.0, 364.0, 464.0, 454.0, 418.0, 462.0, 460.0, 402.0, 478.0, 479.0, 436.0, 460.0, 475.0, 465.0, 470.0, 465.0, 432.0, 407.0, 433.0, 483.0, 425.0, 404.0, 448.0, 455.0, 479.0, 464.0, 452.0, 492.0, 457.0, 439.0, 456.0, 500.0, 460.0, 482.0, 486.0, 437.0, 437.0, 412.0, 415.0, 464.0, 469.0, 488.0, 416.0, 474.0, 469.0, 441.0, 441.0, 499.0, 426.0, 402.0, 412.0, 401.0, 500.0, 453.0, 498.0, 444.0, 466.0, 462.0, 409.0, 455.0, 430.0, 413.0, 436.0, 500.0, 486.0, 466.0, 467.0, 444.0, 500.0, 431.0, 443.0, 464.0, 366.0, 310.0, 337.0, 364.0, 329.0, 307.0, 377.0, 323.0, 391.0, 326.0, 252.0, 282.0, 294.0, 273.0, 235.0 
99019, MulpicEntryTopScan, 17900.8, 204.0, 232.0, 252.0, 295.0, 228.0, 391.0, 327.0, 357.0, 357.0, 321.0, 301.0, 351.0, 332.0, 303.0, 348.0, 410.0, 470.0, 415.0, 436.0, 405.0, 421.0, 468.0, 472.0, 434.0, 411.0, 459.0, 421.0, 477.0, 471.0, 472.0, 411.0, 492.0, 449.0, 423.0, 403.0, 424.0, 484.0, 428.0, 447.0, 468.0, 479.0, 431.0, 443.0, 411.0, 441.0, 440.0, 404.0, 400.0, 468.0, 403.0, 467.0, 469.0, 498.0, 472.0, 444.0, 460.0, 460.0, 433.0, 407.0, 440.0, 490.0, 433.0, 468.0, 438.0, 458.0, 482.0, 443.0, 426.0, 485.0, 412.0, 490.0, 456.0, 474.0, 467.0, 432.0, 448.0, 497.0, 465.0, 449.0, 473.0, 441.0, 411.0, 460.0, 476.0, 480.0, 310.0, 376.0, 366.0, 364.0, 301.0, 385.0, 339.0, 385.0, 392.0, 363.0, 246.0, 227.0, 289.0, 218.0, 208.0 
99019, MulpicEntryTopScan, 18175.0, 248.0, 241.0, 204.0, 254.0, 213.0, 316.0, 366.0, 320.0, 341.0, 307.0, 383.0, 398.0, 363.0, 371.0, 320.0, 413.0, 432.0, 461.0, 468.0, 431.0, 495.0, 428.0, 409.0, 462.0, 474.0, 405.0, 465.0, 493.0, 491.0, 470.0, 459.0, 412.0, 484.0, 419.0, 498.0, 457.0, 413.0, 459.0, 477.0, 416.0, 412.0, 493.0, 430.0, 453.0, 430.0, 464.0, 467.0, 407.0, 419.0, 406.0, 477.0, 469.0, 408.0, 496.0, 468.0, 482.0, 464.0, 474.0, 469.0, 413.0, 429.0, 426.0, 453.0, 407.0, 476.0, 443.0, 451.0, 457.0, 440.0, 459.0, 460.0, 477.0, 477.0, 447.0, 471.0, 445.0, 475.0, 455.0, 444.0, 437.0, 470.0, 420.0, 425.0, 407.0, 458.0, 305.0, 300.0, 315.0, 398.0, 369.0, 375.0, 350.0, 337.0, 318.0, 381.0, 218.0, 261.0, 296.0, 219.0, 255.0 
99019, MulpicEntryTopScan, 18449.2, 223.0, 200.0, 236.0, 237.0, 299.0, 303.0, 389.0, 388.0, 373.0, 335.0, 370.0, 352.0, 358.0, 334.0, 326.0, 490.0, 432.0, 442.0, 448.0, 453.0, 400.0, 492.0, 438.0, 486.0, 493.0, 429.0, 477.0, 433.0, 401.0, 471.0, 460.0, 430.0, 413.0, 426.0, 462.0, 456.0, 420.0, 466.0, 439.0, 445.0, 500.0, 410.0, 476.0, 433.0, 400.0, 453.0, 437.0, 411.0, 495.0, 476.0, 488.0, 423.0, 462.0, 409.0, 433.0, 486.0, 432.0, 416.0, 406.0, 451.0, 468.0, 488.0, 413.0, 457.0, 443.0, 477.0, 478.0, 484.0, 479.0, 401.0, 474.0, 406.0, 419.0, 411.0, 428.0, 416.0, 418.0, 480.0, 479.0, 498.0, 478.0, 420.0, 470.0, 460.0, 452.0, 342.0, 389.0, 392.0, 324.0, 377.0, 398.0, 337.0, 380.0, 327.0, 378.0, 218.0, 281.0, 205.0, 254.0, 260.0 
99019, MulpicEntryTopScan, 18723.5, 260.0, 262.0, 202.0, 236.0, 248.0, 300.0, 320.0, 392.0, 379.0, 387.0, 305.0, 340.0, 315.0, 392.0, 349.0, 471.0, 414.0, 476.0, 442.0, 474.0, 405.0, 477.0, 462.0, 469.0, 424.0, 452.0, 433.0, 408.0, 405.0, 435.0, 470.0, 484.0, 484.0, 497.0, 405.0, 483.0, 477.0, 478.0, 482.0, 476.0, 457.0, 481.0, 449.0, 403.0, 494.0, 465.0, 465.0, 435.0, 465.0, 427.0, 420.0, 485.0, 464.0, 445.0, 456.0, 425.0, 470.0, 442.0, 477.0, 455.0, 483.0, 499.0, 486.0, 436.0, 467.0, 488.0, 481.0, 445.0, 450.0, 493.0, 447.0, 453.0, 423.0, 480.0, 470.0, 463.0, 489.0, 427.0, 452.0, 474.0, 437.0, 439.0, 464.0, 465.0, 491.0, 364.0, 379.0, 336.0, 317.0, 341.0, 354.0, 314.0, 344.0, 389.0, 314.0, 230.0, 290.0, 250.0, 271.0, 241.0 
99019, MulpicEntryTopScan, 18997.7, 212.0, 260.0, 284.0, 205.0, 219.0, 342.0, 306.0, 344.0, 332.0, 369.0, 395.0, 358.0, 330.0, 311.0, 382.0, 431.0, 433.0, 450.0, 417.0, 493.0, 424.0, 461.0, 453.0, 498.0, 427.0, 493.0, 420.0, 400.0, 414.0, 425.0, 428.0, 417.0, 443.0, 442.0, 449.0, 439.0, 436.0, 448.0, 433.0, 468.0, 472.0, 421.0, 481.0, 443.0, 413.0, 436.0, 408.0, 403.0, 481.0, 431.0, 473.0, 442.0, 468.0, 476.0, 408.0, 479.0, 446.0, 413.0, 471.0, 493.0, 408.0, 464.0, 424.0, 408.0, 437.0, 434.0, 419.0, 402.0, 483.0, 468.0, 446.0, 424.0, 478.0, 440.0, 482.0, 484.0, 429.0, 441.0, 458.0, 418.0, 480.0, 443.0, 473.0, 464.0, 431.0, 342.0, 391.0, 369.0, 314.0, 392.0, 358.0, 379.0, 384.0, 387.0, 314.0, 210.0, 280.0, 219.0, 280.0, 288.0 
99019, MulpicEntryTopScan, 19272.0, 205.0, 262.0, 256.0, 296.0, 278.0, 304.0, 319.0, 326.0, 385.0, 394.0, 365.0, 345.0, 394.0, 390.0, 333.0, 460.0, 489.0, 461.0, 457.0, 408.0, 444.0, 403.0, 487.0, 433.0, 419.0, 460.0, 440.0, 417.0, 440.0, 443.0, 434.0, 499.0, 486.0, 434.0, 408.0, 435.0, 497.0, 450.0, 469.0, 467.0, 460.0, 498.0, 452.0, 494.0, 454.0, 486.0, 423.0, 431.0, 420.0, 480.0, 482.0, 438.0, 410.0, 481.0, 414.0, 415.0, 478.0, 426.0, 437.0, 425.0, 408.0, 422.0, 465.0, 480.0, 460.0, 454.0, 425.0, 447.0, 486.0, 416.0, 440.0, 465.0, 452.0, 486.0, 422.0, 472.0, 403.0, 459.0, 464.0, 410.0, 422.0, 448.0, 433.0, 500.0, 442.0, 314.0, 310.0, 318.0, 379.0, 323.0, 310.0, 309.0, 383.0, 349.0, 323.0, 268.0, 259.0, 297.0, 265.0, 284.0 
99019, MulpicEntryTopScan, 19546.2, 270.0, 278.0, 206.0, 219.0, 207.0, 301.0, 390.0, 321.0, 366.0, 338.0, 364.0, 385.0, 376.0, 341.0, 380.0, 491.0, 427.0, 488.0, 459.0, 480.0, 463.0, 412.0, 481.0, 498.0, 465.0, 438.0, 479.0, 458.0, 449.0, 439.0, 410.0, 486.0, 479.0, 494.0, 404.0, 432.0, 495.0, 402.0, 414.0, 487.0, 412.0, 492.0, 441.0, 428.0, 473.0, 452.0, 421.0, 464.0, 433.0, 476.0, 493.0, 455.0, 490.0, 459.0, 481.0, 409.0, 457.0, 461.0, 423.0, 471.0, 484.0, 460.0, 419.0, 473.0, 446.0, 468.0, 490.0, 492.0, 445.0, 408.0, 464.0, 433.0, 438.0, 404.0, 484.0, 481.0, 458.0, 473.0, 420.0, 483.0, 484.0, 497.0, 422.0, 486.0, 422.0, 381.0, 367.0, 341.0, 306.0, 379.0, 394.0, 300.0, 320.0, 343.0, 376.0, 258.0, 223.0, 241.0, 223.0, 257.0 
99019, MulpicEntryTopScan, 19820.5, 286.0, 233.0, 260.0, 245.0, 279.0, 381.0, 373.0, 386.0, 338.0, 392.0, 379.0, 386.0, 330.0, 373.0, 359.0, 451.0, 426.0, 401.0, 485.0, 499.0, 488.0, 425.0, 476.0, 497.0, 490.0, 484.0, 431.0, 450.0, 493.0, 457.0, 451.0, 436.0, 432.0, 427.0, 433.0, 427.0, 472.0, 448.0, 489.0, 475.0, 414.0, 480.0, 416.0, 444.0, 460.0, 490.0, 433.0, 457.0, 470.0, 491.0, 461.0, 455.0, 479.0, 500.0, 478.0, 407.0, 414.0, 412.0, 431.0, 427.0, 469.0, 456.0, 413.0, 475.0, 425.0, 497.0, 433.0, 428.0, 468.0, 453.0, 436.0, 457.0, 402.0, 416.0, 440.0, 469.0, 429.0, 475.0, 429.0, 441.0, 490.0, 443.0, 494.0, 437.0, 462.0, 320.0, 308.0, 391.0, 311.0, 301.0, 331.0, 393.0, 389.0, 384.0, 324.0, 232.0, 220.0, 204.0, 249.0, 225.0 
99019, MulpicEntryTopScan, 20094.7, 269.0, 286.0, 222.0, 231.0, 270.0, 343.0, 353.0, 356.0, 349.0, 398.0, 342.0, 337.0, 365.0, 327.0, 374.0, 470.0, 418.0, 493.0, 443.0, 451.0, 467.0, 484.0, 428.0, 447.0, 485.0, 494.0, 424.0, 419.0, 430.0, 432.0, 459.0, 457.0, 462.0, 436.0, 475.0, 411.0, 484.0, 478.0, 474.0, 412.0, 454.0, 449.0, 453.0, 416.0, 412.0, 452.0, 410.0, 404.0, 430.0, 440.0, 467.0, 462.0, 468.0, 494.0, 407.0, 440.0, 406.0, 433.0, 444.0, 482.0, 487.0, 414.0, 464.0, 432.0, 480.0, 434.0, 404.0, 475.0, 433.0, 474.0, 432.0, 473.0, 481.0, 487.0, 416.0, 403.0, 406.0, 430.0, 487.0, 439.0, 450.0, 435.0, 425.0, 470.0, 437.0, 344.0, 375.0, 363.0, 352.0, 328.0, 365.0, 315.0, 305.0, 322.0, 400.0, 218.0, 207.0, 281.0, 234.0, 300.0 
99019, MulpicEntryTopScan, 20368.9, 260.0, 273.0, 263.0, 289.0, 233.0, 361.0, 359.0, 364.0, 302.0, 329.0, 380.0, 364.0, 395.0, 396.0, 388.0, 486.0, 478.0, 497.0, 487.0, 430.0, 447.0, 476.0, 451.0, 458.0, 410.0, 476.0, 492.0, 417.0, 410.0, 468.0, 487.0, 402.0, 465.0, 498.0, 445.0, 409.0, 492.0, 431.0, 487.0, 450.0, 430.0, 412.0, 482.0, 467.0, 438.0, 424.0, 434.0, 444.0, 439.0, 460.0, 455.0, 439.0, 488.0, 469.0, 420.0, 451.0, 454.0, 457.0, 455.0, 434.0, 427.0, 418.0, 473.0, 495.0, 425.0, 477.0, 431.0, 412.0, 455.0, 432.0, 486.0, 495.0, 451.0, 411.0, 457.0, 482.0, 458.0, 441.0, 488.0, 494.0, 466.0, 431.0, 447.0, 467.0, 406.0, 311.0, 349.0, 395.0, 313.0, 391.0, 394.0, 334.0, 358.0, 380.0, 330.0, 298.0, 254.0, 284.0, 293.0, 255.0 
99019, MulpicEntryTopScan, 20643.2, 218.0, 297.0, 210.0, 238.0, 219.0, 376.0, 316.0, 386.0, 302.0, 389.0, 306.0, 345.0, 357.0, 336.0, 362.0, 448.0, 457.0, 440.0, 496.0, 401.0, 403.0, 406.0, 417.0, 497.0, 417.0, 479.0, 418.0, 449.0, 481.0, 468.0, 445.0, 493.0, 462.0, 450.0, 446.0, 403.0, 407.0, 428.0, 431.0, 440.0, 448.0, 490.0, 411.0, 407.0, 411.0, 499.0, 460.0, 404.0, 425.0, 407.0, 489.0, 428.0, 435.0, 488.0, 423.0, 414.0, 464.0, 413.0, 486.0, 499.0, 452.0, 486.0, 406.0, 443.0, 494.0, 413.0, 402.0, 485.0, 431.0, 422.0, 499.0, 422.0, 488.0, 442.0, 417.0, 498.0, 498.0, 479.0, 420.0, 500.0, 446.0, 500.0, 498.0, 441.0, 477.0, 390.0, 373.0, 303.0, 343.0, 345.0, 377.0, 331.0, 309.0, 390.0, 400.0, 296.0, 247.0, 270.0, 267.0, 224.0 
99019, MulpicEntryTopScan, 20917.4, 277.0, 280.0, 283.0, 299.0, 222.0, 397.0, 322.0, 326.0, 314.0, 344.0, 364.0, 350.0, 385.0, 314.0, 331.0, 442.0, 474.0, 462.0, 424.0, 439.0, 435.0, 484.0, 468.0, 459.0, 485.0, 450.0, 496.0, 422.0, 418.0, 441.0, 416.0, 464.0, 411.0, 441.0, 423.0, 474.0, 403.0, 403.0, 427.0, 500.0, 421.0, 473.0, 402.0, 487.0, 407.0, 476.0, 470.0, 444.0, 442.0, 430.0, 473.0, 480.0, 457.0, 476.0, 462.0, 448.0, 411.0, 465.0, 464.0, 425.0, 427.0, 405.0, 483.0, 494.0, 401.0, 487.0, 487.0, 491.0, 406.0, 497.0, 426.0, 407.0, 498.0, 419.0, 494.0, 433.0, 500.0, 457.0, 425.0, 482.0, 455.0, 403.0, 435.0, 477.0, 460.0, 387.0, 349.0, 383.0, 346.0, 366.0, 312.0, 333.0, 315.0, 358.0, 356.0, 212.0, 233.0, 213.0, 229.0, 245.0 
99019, MulpicEntryTopScan, 21191.7, 281.0, 204.0, 281.0, 228.0, 237.0, 332.0, 373.0, 384.0, 363.0, 317.0, 321.0, 304.0, 343.0, 303.0, 395.0, 456.0, 420.0, 440.0, 498.0, 496.0, 453.0, 400.0, 415.0, 496.0, 410.0, 495.0, 476.0, 429.0, 422.0, 482.0, 474.0, 473.0, 475.0, 413.0, 499.0, 490.0, 488.0, 431.0, 462.0, 488.0, 495.0, 459.0, 415.0, 430.0, 421.0, 445.0, 452.0, 468.0, 410.0, 437.0, 449.0, 447.0, 416.0, 416.0, 414.0, 481.0, 422.0, 458.0, 446.0, 433.0, 479.0, 486.0, 411.0, 439.0, 454.0, 454.0, 451.0, 433.0, 405.0, 410.0, 453.0, 468.0, 480.0, 499.0, 480.0, 425.0, 468.0, 496.0, 446.0, 453.0, 443.0, 434.0, 410.0, 450.0, 431.0, 310.0, 350.0, 327.0, 300.0, 348.0, 394.0, 326.0, 305.0, 365.0, 369.0, 258.0, 208.0, 255.0, 211.0, 215.0 
99019, MulpicEntryTopScan, 21465.9, 279.0, 288.0, 290.0, 233.0, 276.0, 357.0, 318.0, 399.0, 362.0, 332.0, 346.0, 337.0, 335.0, 359.0, 325.0, 438.0, 413.0, 405.0, 403.0, 481.0, 427.0, 466.0, 449.0, 444.0, 409.0, 455.0, 467.0, 405.0, 440.0, 417.0, 489.0, 459.0, 492.0, 435.0, 484.0, 485.0, 433.0, 460.0, 492.0, 437.0, 482.0, 426.0, 406.0, 406.0, 427.0, 442.0, 427.0, 425.0, 421.0, 463.0, 433.0, 425.0, 441.0, 488.0, 428.0, 436.0, 412.0, 455.0, 488.0, 473.0, 432.0, 424.0, 485.0, 406.0, 498.0, 428.0, 453.0, 418.0, 471.0, 452.0, 464.0, 421.0, 450.0, 476.0, 400.0, 439.0, 444.0, 428.0, 465.0, 492.0, 401.0, 454.0, 425.0, 463.0, 418.0, 373.0, 379.0, 336.0, 385.0, 347.0, 316.0, 308.0, 346.0, 346.0, 382.0, 244.0, 213.0, 229.0, 254.0, 224.0 
99019, MulpicEntryTopScan, 21740.2, 247.0, 282.0, 268.0, 217.0, 277.0, 317.0, 300.0, 320.0, 378.0, 304.0, 396.0, 377.0, 388.0, 301.0, 352.0, 425.0, 446.0, 441.0, 414.0, 469.0, 469.0, 479.0, 485.0, 473.0, 436.0, 462.0, 478.0, 414.0, 431.0, 401.0, 411.0, 426.0, 436.0, 400.0, 400.0, 408.0, 498.0, 456.0, 483.0, 427.0, 493.0, 410.0, 466.0, 404.0, 492.0, 421.0, 400.0, 494.0, 480.0, 456.0, 434.0, 477.0, 490.0, 461.0, 469.0, 487.0, 454.0, 476.0, 496.0, 445.0, 463.0, 452.0, 467.0, 481.0, 414.0, 448.0, 445.0, 452.0, 436.0, 487.0, 479.0, 454.0, 453.0, 484.0, 451.0, 434.0, 454.0, 441.0, 402.0, 465.0, 425.0, 418.0, 478.0, 427.0, 442.0, 326.0, 300.0, 387.0, 361.0, 325.0, 386.0, 308.0, 356.0, 371.0, 322.0, 290.0, 238.0, 248.0, 205.0, 219.0 
99019, MulpicEntryTopScan, 22014.4, 249.0, 244.0, 296.0, 296.0, 200.0, 360.0, 389.0, 324.0, 374.0, 325.0, 348.0, 300.0, 380.0, 333.0, 336.0, 402.0, 490.0, 417.0, 406.0, 441.0, 450.0, 416.0, 437.0, 454.0, 439.0, 473.0, 465.0, 415.0, 495.0, 500.0, 481.0, 400.0, 468.0, 494.0, 400.0, 452.0, 443.0, 457.0, 417.0, 406.0, 436.0, 472.0, 489.0, 460.0, 427.0, 443.0, 416.0, 492.0, 484.0, 408.0, 429.0, 420.0, 457.0, 470.0, 496.0, 429.0, 500.0, 484.0, 427.0, 485.0, 407.0, 430.0, 484.0, 425.0, 406.0, 437.0, 413.0, 401.0, 413.0, 419.0, 402.0, 445.0, 494.0, 481.0, 409.0, 474.0, 402.0, 436.0, 477.0, 474.0, 498.0, 486.0, 461.0, 491.0, 481.0, 355.0, 391.0, 355.0, 329.0, 353.0, 397.0, 342.0, 310.0, 390.0, 315.0, 234.0, 292.0, 285.0, 219.0, 240.0 
99019, MulpicEntryTopScan, 22288.6, 229.0, 254.0, 243.0, 227.0, 271.0, 313.0, 330.0, 390.0, 395.0, 342.0, 381.0, 324.0, 306.0, 348.0, 387.0, 437.0, 472.0, 481.0, 436.0, 488.0, 409.0, 417.0, 421.0, 443.0, 409.0, 411.0, 500.0, 473.0, 405.0, 420.0, 414.0, 470.0, 471.0, 460.0, 483.0, 482.0, 476.0, 403.0, 453.0, 430.0, 449.0, 423.0, 489.0, 431.0, 419.0, 452.0, 466.0, 447.0, 480.0, 493.0, 480.0, 413.0, 447.0, 497.0, 413.0, 459.0, 452.0, 413.0, 473.0, 492.0, 460.0, 407.0, 466.0, 406.0, 459.0, 437.0, 476.0, 445.0, 405.0, 463.0, 436.0, 488.0, 433.0, 435.0, 489.0, 432.0, 442.0, 476.0, 448.0, 417.0, 454.0, 492.0, 418.0, 432.0, 442.0, 318.0, 327.0, 354.0, 374.0, 380.0, 300.0, 307.0, 369.0, 319.0, 302.0, 255.0, 228.0, 205.0, 244.0, 267.0 
99019, MulpicEntryTopScan, 22562.9, 250.0, 280.0, 299.0, 274.0, 236.0, 367.0, 363.0, 318.0, 309.0, 359.0, 351.0, 391.0, 389.0, 375.0, 364.0, 432.0, 409.0, 487.0, 460.0, 467.0, 500.0, 459.0, 419.0, 455.0, 467.0, 431.0, 415.0, 443.0, 483.0, 451.0, 487.0, 497.0, 475.0, 445.0, 483.0, 471.0, 438.0, 403.0, 460.0, 481.0, 477.0, 495.0, 477.0, 409.0, 477.0, 451.0, 406.0, 487.0, 418.0, 499.0, 471.0, 499.0, 487.0, 494.0, 493.0, 448.0, 493.0, 408.0, 404.0, 440.0, 471.0, 478.0, 477.0, 476.0, 410.0, 413.0, 420.0, 407.0, 432.0, 422.0, 450.0, 483.0, 428.0, 440.0, 403.0, 459.0, 480.0, 423.0, 438.0, 483.0, 444.0, 411.0, 500.0, 414.0, 414.0, 316.0, 307.0, 349.0, 300.0, 364.0, 370.0, 314.0, 311.0, 351.0, 367.0, 289.0, 225.0, 256.0, 242.0, 278.0 
99019, MulpicEntryTopScan, 22837.1, 270.0, 271.0, 254.0, 287.0, 234.0, 363.0, 334.0, 302.0, 368.0, 316.0, 309.0, 399.0, 326.0, 323.0, 300.0, 422.0, 464.0, 492.0, 482.0, 430.0, 412.0, 410.0, 433.0, 405.0, 401.0, 499.0, 454.0, 401.0, 417.0, 439.0, 450.0, 474.0, 465.0, 493.0, 459.0, 403.0, 461.0, 403.0, 457.0, 407.0, 421.0, 400.0, 499.0, 451.0, 408.0, 487.0, 401.0, 425.0, 457.0, 424.0, 444.0, 490.0, 418.0, 412.0, 493.0, 420.0, 473.0, 470.0, 453.0, 461.0, 438.0, 425.0, 426.0, 448.0, 461.0, 419.0, 417.0, 499.0, 498.0, 453.0, 495.0, 495.0, 454.0, 423.0, 440.0, 471.0, 493.0, 489.0, 488.0, 473.0, 407.0, 404.0, 408.0, 499.0, 401.0, 353.0, 355.0, 320.0, 395.0, 308.0, 395.0, 399.0, 328.0, 323.0, 330.0, 209.0, 242.0, 242.0, 201.0, 297.0 
99019, MulpicEntryTopScan, 23111.4, 267.0, 243.0, 252.0, 232.0, 275.0, 343.0, 384.0, 316.0, 356.0, 343.0, 355.0, 389.0, 352.0, 356.0, 322.0, 427.0, 489.0, 472.0, 425.0, 465.0, 466.0, 481.0, 457.0, 491.0, 407.0, 441.0, 424.0, 496.0, 440.0, 484.0, 474.0, 473.0, 430.0, 472.0, 490.0, 431.0, 442.0, 423.0, 473.0, 465.0, 471.0, 496.0, 429.0, 456.0, 469.0, 463.0, 496.0, 464.0, 448.0, 455.0, 423.0, 474.0, 439.0, 433.0, 450.0, 460.0, 457.0, 479.0, 403.0, 484.0, 495.0, 408.0, 442.0, 405.0, 438.0, 485.0, 493.0, 493.0, 498.0, 451.0, 448.0, 489.0, 410.0, 459.0, 462.0, 494.0, 412.0, 413.0, 432.0, 475.0, 434.0, 433.0, 490.0, 414.0, 432.0, 352.0, 385.0, 330.0, 349.0, 352.0, 368.0, 323.0, 307.0, 322.0, 348.0, 291.0, 280.0, 252.0, 273.0, 279.0 
99019, MulpicEntryTopScan, 23385.6, 225.0, 220.0, 264.0, 216.0, 295.0, 330.0, 387.0, 328.0, 307.0, 313.0, 317.0, 334.0, 373.0, 304.0, 325.0, 431.0, 457.0, 452.0, 465.0, 452.0, 443.0, 402.0, 402.0, 473.0, 404.0, 456.0, 494.0, 486.0, 416.0, 493.0, 471.0, 482.0, 441.0, 464.0, 475.0, 407.0, 475.0, 431.0, 422.0, 432.0, 493.0, 422.0, 466.0, 402.0, 441.0, 416.0, 479.0, 427.0, 441.0, 483.0, 404.0, 427.0, 476.0, 471.0, 444.0, 464.0, 451.0, 459.0, 423.0, 432.0, 441.0, 443.0, 475.0, 497.0, 441.0, 413.0, 493.0, 438.0, 410.0, 495.0, 433.0, 462.0, 452.0, 486.0, 469.0, 477.0, 471.0, 410.0, 439.0, 500.0, 405.0, 499.0, 461.0, 403.0, 445.0, 368.0, 333.0, 377.0, 344.0, 380.0, 388.0, 314.0, 368.0, 331.0, 372.0, 206.0, 287.0, 204.0, 208.0, 226.0 
99019, MulpicEntryTopScan, 23659.8, 206.0, 270.0, 295.0, 258.0, 264.0, 393.0, 392.0, 355.0, 347.0, 347.0, 332.0, 314.0, 380.0, 325.0, 387.0, 497.0, 429.0, 464.0, 400.0, 422.0, 457.0, 416.0, 469.0, 462.0, 454.0, 453.0, 432.0, 476.0, 451.0, 495.0, 436.0, 479.0, 474.0, 444.0, 437.0, 422.0, 444.0, 405.0, 437.0, 464.0, 435.0, 488.0, 478.0, 483.0, 489.0, 471.0, 451.0, 481.0, 406.0, 429.0, 410.0, 416.0, 472.0, 427.0, 460.0, 407.0, 434.0, 475.0, 451.0, 436.0, 464.0, 439.0, 416.0, 478.0, 407.0, 485.0, 416.0, 413.0, 411.0, 420.0, 418.0, 488.0, 447.0, 417.0, 413.0, 439.0, 484.0, 430.0, 448.0, 434.0, 438.0, 419.0, 475.0, 448.0, 463.0, 375.0, 380.0, 301.0, 381.0, 390.0, 381.0, 341.0, 379.0, 300.0, 348.0, 237.0, 204.0, 221.0, 203.0, 281.0 
99019, MulpicEntryTopScan, 23934.1, 287.0, 288.0, 240.0, 207.0, 249.0, 305.0, 384.0, 362.0, 330.0, 347.0, 398.0, 348.0, 394.0, 379.0, 347.0, 470.0, 485.0, 426.0, 500.0, 490.0, 461.0, 442.0, 415.0, 447.0, 463.0, 481.0, 436.0, 478.0, 462.0, 443.0, 482.0, 403.0, 485.0, 426.0, 495.0, 427.0, 496.0, 476.0, 491.0, 414.0, 416.0, 405.0, 443.0, 458.0, 477.0, 442.0, 407.0, 404.0, 440.0, 425.0, 462.0, 421.0, 494.0, 445.0, 488.0, 481.0, 459.0, 484.0, 420.0, 500.0, 407.0, 468.0, 416.0, 406.0, 424.0, 423.0, 495.0, 409.0, 410.0, 482.0, 436.0, 494.0, 416.0, 445.0, 489.0, 486.0, 433.0, 415.0, 420.0, 440.0, 457.0, 414.0, 431.0, 497.0, 479.0, 365.0, 342.0, 323.0, 324.0, 329.0, 318.0, 325.0, 370.0, 400.0, 349.0, 201.0, 288.0, 298.0, 248.0, 300.0 
99019, MulpicEntryTopScan, 24208.3, 237.0, 255.0, 225.0, 281.0, 200.0, 328.0, 363.0, 356.0, 311.0, 347.0, 386.0, 393.0, 389.0, 342.0, 373.0, 434.0, 476.0, 495.0, 455.0, 410.0, 470.0, 414.0, 452.0, 445.0, 500.0, 458.0, 400.0, 486.0, 431.0, 488.0, 495.0, 485.0, 497.0, 462.0, 486.0, 409.0, 403.0, 480.0, 402.0, 464.0, 422.0, 428.0, 450.0, 401.0, 436.0, 481.0, 451.0, 473.0, 464.0, 465.0, 466.0, 479.0, 490.0, 437.0, 440.0, 469.0, 401.0, 449.0, 467.0, 459.0, 410.0, 436.0, 439.0, 453.0, 433.0, 436.0, 438.0, 468.0, 446.0, 403.0, 479.0, 437.0, 406.0, 452.0, 437.0, 497.0, 460.0, 425.0, 437.0, 492.0, 427.0, 494.0, 437.0, 499.0, 452.0, 395.0, 381.0, 394.0, 306.0, 328.0, 303.0, 306.0, 363.0, 322.0, 374.0, 278.0, 239.0, 265.0, 248.0, 254.0 
99019, MulpicEntryTopScan, 24482.6, 239.0, 202.0, 204.0, 280.0, 251.0, 317.0, 312.0, 315.0, 315.0, 381.0, 391.0, 302.0, 304.0, 365.0, 393.0, 483.0, 405.0, 446.0, 408.0, 491.0, 449.0, 473.0, 446.0, 402.0, 493.0, 424.0, 445.0, 483.0, 461.0, 410.0, 447.0, 431.0, 453.0, 469.0, 420.0, 465.0, 400.0, 441.0, 457.0, 482.0, 431.0, 414.0, 457.0, 437.0, 425.0, 440.0, 492.0, 441.0, 499.0, 477.0, 403.0, 489.0, 482.0, 419.0, 478.0, 434.0, 444.0, 483.0, 426.0, 416.0, 418.0, 400.0, 496.0, 406.0, 479.0, 425.0, 409.0, 493.0, 429.0, 484.0, 496.0, 497.0, 470.0, 488.0, 436.0, 496.0, 442.0, 468.0, 433.0, 485.0, 477.0, 406.0, 428.0, 488.0, 451.0, 311.0, 301.0, 307.0, 347.0, 376.0, 359.0, 334.0, 322.0, 307.0, 392.0, 217.0, 300.0, 214.0, 257.0, 266.0 
99019, MulpicEntryTopScan, 24756.8, 205.0, 239.0, 262.0, 205.0, 223.0, 316.0, 355.0, 383.0, 300.0, 377.0, 326.0, 391.0, 308.0, 346.0, 325.0, 426.0, 466.0, 414.0, 424.0, 477.0, 430.0, 411.0, 403.0, 473.0, 443.0, 436.0, 495.0, 412.0, 428.0, 476.0, 407.0, 448.0, 487.0, 425.0, 430.0, 449.0, 404.0, 474.0, 406.0, 432.0, 457.0, 469.0, 498.0, 482.0, 403.0, 430.0, 492.0, 421.0, 479.0, 404.0, 482.0, 419.0, 413.0, 461.0, 446.0, 408.0, 414.0, 494.0, 483.0, 475.0, 464.0, 473.0, 428.0, 443.0, 463.0, 499.0, 482.0, 487.0, 403.0, 460.0, 413.0, 456.0, 460.0, 464.0, 425.0, 455.0, 445.0, 480.0, 489.0, 407.0, 408.0, 450.0, 486.0, 491.0, 422.0, 314.0, 303.0, 385.0, 334.0, 304.0, 386.0, 357.0, 336.0, 394.0, 365.0, 287.0, 205.0, 207.0, 295.0, 202.0 
99019, MulpicEntryTopScan, 25031.1, 260.0, 228.0, 266.0, 241.0, 218.0, 356.0, 367.0, 322.0, 360.0, 308.0, 315.0, 388.0, 378.0, 325.0, 329.0, 486.0, 491.0, 463.0, 470.0, 439.0, 486.0, 441.0, 444.0, 423.0, 483.0, 405.0, 415.0, 473.0, 464.0, 470.0, 432.0, 489.0, 447.0, 455.0, 466.0, 491.0, 463.0, 491.0, 451.0, 480.0, 412.0, 438.0, 487.0, 450.0, 438.0, 445.0, 408.0, 424.0, 404.0, 433.0, 473.0, 440.0, 455.0, 447.0, 490.0, 451.0, 495.0, 401.0, 488.0, 432.0, 411.0, 432.0, 485.0, 463.0, 417.0, 446.0, 462.0, 407.0, 491.0, 405.0, 485.0, 440.0, 488.0, 491.0, 468.0, 471.0, 448.0, 446.0, 427.0, 400.0, 412.0, 486.0, 473.0, 485.0, 441.0, 327.0, 343.0, 349.0, 306.0, 359.0, 380.0, 361.0, 338.0, 341.0, 347.0, 239.0, 235.0, 298.0, 257.0, 213.0 
99019, MulpicEntryTopScan, 25305.3, 263.0, 254.0, 281.0, 300.0, 234.0, 359.0, 363.0, 364.0, 368.0, 317.0, 385.0, 377.0, 374.0, 374.0, 328.0, 402.0, 491.0, 496.0, 435.0, 495.0, 461.0, 490.0, 473.0, 426.0, 401.0, 415.0, 473.0, 431.0, 431.0, 466.0, 443.0, 487.0, 434.0, 415.0, 429.0, 485.0, 443.0, 419.0, 449.0, 404.0, 460.0, 445.0, 469.0, 417.0, 489.0, 445.0, 423.0, 440.0, 489.0, 462.0, 410.0, 492.0, 457.0, 448.0, 433.0, 465.0, 476.0, 438.0, 457.0, 412.0, 483.0, 457.0, 484.0, 453.0, 439.0, 496.0, 448.0, 451.0, 411.0, 423.0, 459.0, 404.0, 405.0, 402.0, 486.0, 441.0, 483.0, 496.0, 483.0, 490.0, 451.0, 424.0, 437.0, 441.0, 403.0, 316.0, 398.0, 324.0, 332.0, 369.0, 339.0, 315.0, 308.0, 398.0, 308.0, 234.0, 221.0, 219.0, 261.0, 268.0 
99019, MulpicEntryTopScan, 25579.5, 232.0, 238.0, 267.0, 223.0, 292.0, 369.0, 377.0, 385.0, 380.0, 361.0, 371.0, 370.0, 386.0, 330.0, 387.0, 440.0, 419.0, 422.0, 497.0, 479.0, 411.0, 480.0, 476.0, 457.0, 451.0, 422.0, 472.0, 492.0, 404.0, 439.0, 488.0, 445.0, 443.0, 455.0, 481.0, 441.0, 432.0, 473.0, 459.0, 456.0, 439.0, 491.0, 419.0, 467.0, 420.0, 494.0, 485.0, 484.0, 418.0, 465.0, 405.0, 413.0, 487.0, 453.0, 443.0, 429.0, 429.0, 469.0, 491.0, 440.0, 452.0, 424.0, 446.0, 440.0, 445.0, 457.0, 433.0, 437.0, 440.0, 475.0, 457.0, 450.0, 403.0, 454.0, 436.0, 479.0, 482.0, 477.0, 422.0, 482.0, 482.0, 425.0, 427.0, 406.0, 460.0, 308.0, 388.0, 354.0, 344.0, 352.0, 354.0, 338.0, 368.0, 395.0, 304.0, 265.0, 271.0, 286.0, 267.0, 248.0 
99019, MulpicEntryTopScan, 25853.8, 201.0, 253.0, 243.0, 239.0, 211.0, 306.0, 350.0, 308.0, 329.0, 374.0, 351.0, 311.0, 317.0, 369.0, 305.0, 411.0, 427.0, 423.0, 454.0, 434.0, 484.0, 436.0, 449.0, 402.0, 500.0, 467.0, 463.0, 466.0, 479.0, 490.0, 455.0, 431.0, 419.0, 464.0, 447.0, 428.0, 463.0, 423.0, 451.0, 446.0, 473.0, 442.0, 492.0, 416.0, 478.0, 449.0, 491.0, 403.0, 487.0, 425.0, 408.0, 432.0, 475.0, 430.0, 424.0, 449.0, 405.0, 459.0, 485.0, 423.0, 442.0, 493.0, 414.0, 460.0, 442.0, 463.0, 429.0, 478.0, 427.0, 498.0, 489.0, 486.0, 481.0, 476.0, 489.0, 474.0, 408.0, 493.0, 422.0, 436.0, 433.0, 438.0, 439.0, 411.0, 496.0, 371.0, 313.0, 300.0, 329.0, 388.0, 366.0, 314.0, 380.0, 356.0, 320.0, 274.0, 205.0, 201.0, 276.0, 254.0 
99019, MulpicEntryTopScan, 26128.0, 202.0, 202.0, 268.0, 233.0, 201.0, 367.0, 394.0, 314.0, 362.0, 305.0, 356.0, 333.0, 361.0, 363.0, 370.0, 467.0, 434.0, 481.0, 448.0, 422.0, 499.0, 483.0, 422.0, 497.0, 439.0, 405.0, 451.0, 409.0, 466.0, 402.0, 485.0, 455.0, 421.0, 426.0, 442.0, 477.0, 423.0, 486.0, 469.0, 411.0, 473.0, 411.0, 409.0, 439.0, 416.0, 434.0, 413.0, 467.0, 409.0, 429.0, 443.0, 416.0, 474.0, 425.0, 463.0, 402.0, 495.0, 410.0, 473.0, 419.0, 470.0, 487.0, 476.0, 494.0, 440.0, 459.0, 446.0, 413.0, 462.0, 448.0, 449.0, 464.0, 415.0, 467.0, 478.0, 466.0, 496.0, 482.0, 427.0, 489.0, 477.0, 440.0, 463.0, 479.0, 401.0, 371.0, 386.0, 347.0, 335.0, 334.0, 320.0, 330.0, 378.0, 378.0, 352.0, 261.0, 227.0, 233.0, 222.0, 224.0 
99019, MulpicEntryTopScan, 26402.3, 202.0, 249.0, 212.0, 271.0, 261.0, 304.0, 304.0, 308.0, 378.0, 327.0, 324.0, 360.0, 339.0, 396.0, 369.0, 412.0, 498.0, 491.0, 478.0, 407.0, 482.0, 498.0, 401.0, 447.0, 407.0, 458.0, 401.0, 426.0, 402.0, 401.0, 405.0, 486.0, 492.0, 429.0, 415.0, 475.0, 415.0, 448.0, 477.0, 418.0, 472.0, 406.0, 410.0, 489.0, 475.0, 500.0, 480.0, 477.0, 445.0, 459.0, 410.0, 439.0, 486.0, 458.0, 492.0, 455.0, 462.0, 469.0, 414.0, 486.0, 433.0, 430.0, 400.0, 486.0, 461.0, 414.0, 491.0, 451.0, 437.0, 476.0, 484.0, 418.0, 406.0, 436.0, 421.0, 411.0, 458.0, 469.0, 484.0, 491.0, 439.0, 475.0, 461.0, 486.0, 420.0, 392.0, 393.0, 394.0, 341.0, 385.0, 346.0, 349.0, 314.0, 374.0, 388.0, 291.0, 251.0, 288.0, 260.0, 256.0 
99019, MulpicEntryTopScan, 26676.5, 202.0, 248.0, 270.0, 222.0, 274.0, 386.0, 332.0, 354.0, 318.0, 318.0, 345.0, 391.0, 312.0, 400.0, 329.0, 427.0, 429.0, 428.0, 486.0, 474.0, 485.0, 428.0, 404.0, 477.0, 477.0, 422.0, 448.0, 480.0, 414.0, 400.0, 496.0, 429.0, 481.0, 488.0, 463.0, 489.0, 456.0, 410.0, 420.0, 424.0, 470.0, 409.0, 456.0, 498.0, 480.0, 433.0, 479.0, 429.0, 407.0, 493.0, 500.0, 417.0, 478.0, 425.0, 403.0, 484.0, 423.0, 470.0, 427.0, 410.0, 417.0, 467.0, 430.0, 453.0, 490.0, 409.0, 479.0, 467.0, 401.0, 415.0, 493.0, 426.0, 444.0, 489.0, 419.0, 470.0, 438.0, 415.0, 413.0, 480.0, 439.0, 414.0, 466.0, 497.0, 468.0, 308.0, 381.0, 356.0, 322.0, 372.0, 332.0, 344.0, 335.0, 327.0, 304.0, 290.0, 221.0, 246.0, 243.0, 291.0 
99019, MulpicEntryTopScan, 26950.8, 212.0, 224.0, 200.0, 264.0, 205.0, 338.0, 307.0, 358.0, 362.0, 335.0, 333.0, 352.0, 396.0, 364.0, 376.0, 440.0, 468.0, 473.0, 494.0, 408.0, 485.0, 482.0, 477.0, 426.0, 491.0, 457.0, 434.0, 435.0, 424.0, 497.0, 494.0, 444.0, 483.0, 433.0, 455.0, 500.0, 470.0, 479.0, 401.0, 426.0, 481.0, 422.0, 419.0, 471.0, 440.0, 479.0, 409.0, 434.0, 496.0, 400.0, 493.0, 449.0, 404.0, 437.0, 443.0, 474.0, 488.0, 427.0, 403.0, 472.0, 466.0, 478.0, 474.0, 467.0, 440.0, 400.0, 461.0, 453.0, 426.0, 439.0, 480.0, 423.0, 417.0, 490.0, 472.0, 442.0, 484.0, 461.0, 400.0, 422.0, 432.0, 400.0, 459.0, 480.0, 492.0, 331.0, 389.0, 310.0, 388.0, 306.0, 301.0, 352.0, 327.0, 381.0, 373.0, 298.0, 287.0, 272.0, 290.0, 208.0 
99019, MulpicEntryTopScan, 27225.0, 299.0, 295.0, 290.0, 288.0, 234.0, 341.0, 375.0, 355.0, 300.0, 339.0, 362.0, 316.0, 356.0, 371.0, 392.0, 429.0, 484.0, 493.0, 495.0, 433.0, 474.0, 410.0, 460.0, 445.0, 414.0, 441.0, 478.0, 404.0, 421.0, 450.0, 487.0, 491.0, 408.0, 419.0, 485.0, 409.0, 426.0, 491.0, 447.0, 420.0, 429.0, 433.0, 471.0, 418.0, 413.0, 439.0, 476.0, 492.0, 472.0, 478.0, 400.0, 416.0, 413.0, 493.0, 405.0, 461.0, 429.0, 420.0, 450.0, 479.0, 461.0, 469.0, 470.0, 490.0, 468.0, 414.0, 421.0, 444.0, 441.0, 426.0, 442.0, 487.0, 431.0, 458.0, 433.0, 405.0, 446.0, 467.0, 414.0, 493.0, 401.0, 408.0, 454.0, 426.0, 477.0, 388.0, 355.0, 317.0, 322.0, 320.0, 390.0, 330.0, 385.0, 394.0, 336.0, 299.0, 232.0, 300.0, 298.0, 256.0 
